-- phpMyAdmin SQL Dump
-- version 5.0.1
-- https://www.phpmyadmin.net/
--
-- Хост: localhost
-- Время создания: Май 18 2020 г., 14:22
-- Версия сервера: 8.0.18-9
-- Версия PHP: 7.4.2

SET SQL_MODE = "NO_AUTO_VALUE_ON_ZERO";
SET AUTOCOMMIT = 0;
START TRANSACTION;
SET time_zone = "+00:00";


/*!40101 SET @OLD_CHARACTER_SET_CLIENT=@@CHARACTER_SET_CLIENT */;
/*!40101 SET @OLD_CHARACTER_SET_RESULTS=@@CHARACTER_SET_RESULTS */;
/*!40101 SET @OLD_COLLATION_CONNECTION=@@COLLATION_CONNECTION */;
/*!40101 SET NAMES utf8mb4 */;

--
-- База данных: `account.unixo.io`
--

-- --------------------------------------------------------

--
-- Структура таблицы `languages`
--

CREATE TABLE `languages` (
  `symbol` char(2) NOT NULL COMMENT 'Символ',
  `name` varchar(40) NOT NULL COMMENT 'Название'
) ENGINE=InnoDB DEFAULT CHARSET=utf8 COMMENT='Языки';

--
-- Дамп данных таблицы `languages`
--

INSERT INTO `languages` (`symbol`, `name`) VALUES
('de', 'Deutsch'),
('en', 'English'),
('es', 'Español'),
('fr', 'Français'),
('it', 'Italiano'),
('ru', 'Русский'),
('zh', '中国');

-- --------------------------------------------------------

--
-- Структура таблицы `levels`
--

CREATE TABLE `levels` (
  `id` int(11) NOT NULL COMMENT '#',
  `price` float NOT NULL COMMENT 'Цена'
) ENGINE=InnoDB DEFAULT CHARSET=utf8 COMMENT='Уровни';

--
-- Дамп данных таблицы `levels`
--

INSERT INTO `levels` (`id`, `price`) VALUES
(1, 0.1),
(2, 0.3),
(3, 0.9),
(4, 1.8),
(5, 3.6),
(6, 7.2),
(7, 14.4),
(8, 28.8),
(9, 57.6),
(10, 115.2);

-- --------------------------------------------------------

--
-- Структура таблицы `sk_events`
--

CREATE TABLE `sk_events` (
  `tx` varchar(66) NOT NULL COMMENT 'Транзакция',
  `index` int(10) UNSIGNED NOT NULL COMMENT 'Индекс события в блоке',
  `type` enum('Register','UpLevel','Profit','Lost') CHARACTER SET utf8 COLLATE utf8_general_ci NOT NULL COMMENT 'Тип',
  `user` varchar(42) NOT NULL COMMENT 'Пользователь',
  `ref` varchar(42) NOT NULL COMMENT 'Реферал',
  `level` int(10) UNSIGNED NOT NULL COMMENT 'Уровень',
  `value` double UNSIGNED NOT NULL,
  `time` decimal(10,0) UNSIGNED NOT NULL COMMENT 'Время'
) ENGINE=InnoDB DEFAULT CHARSET=utf8 COMMENT='События в смартконтракта';

--
-- Дамп данных таблицы `sk_events`
--

INSERT INTO `sk_events` (`tx`, `index`, `type`, `user`, `ref`, `level`, `value`, `time`) VALUES
('0x0004ec337e8665591a2fc5359edddec03935552ff0c9ba58e6756b1d3a67fe77', 78, 'Register', '0x6ff6152f62a2fa3b22e71f9a8bdb2f6b76ed2d63', '0x61cb419cc205d60f754e748bff0fc2359d207b4f', 1, 0, '1588244041'),
('0x0004ec337e8665591a2fc5359edddec03935552ff0c9ba58e6756b1d3a67fe77', 79, 'UpLevel', '0x6ff6152f62a2fa3b22e71f9a8bdb2f6b76ed2d63', '', 1, 0, '1588244042'),
('0x0022e3822f51aa8dd2ad65570aa8aa7523bb7ed3529f67e69e0b8266f3bfbf45', 67, 'Register', '0x11daf595e2d9c1f7de48f6b7694eb5865c5d0ac1', '0x2b34e292625f96f4e18f9a61a8be3fcaa585d152', 1, 0, '1588190822'),
('0x0022e3822f51aa8dd2ad65570aa8aa7523bb7ed3529f67e69e0b8266f3bfbf45', 68, 'UpLevel', '0x11daf595e2d9c1f7de48f6b7694eb5865c5d0ac1', '', 1, 0, '1588190822'),
('0x005cf8730dc414c1b96cd0d44d3d3eb9ffb1b619d2b9548ed1d3a0349ae748c1', 67, 'Register', '0x822b06f4e1d04ef13d0c9f67694f78b99fef970c', '0xc47e01c0f85215c369247e4666b61babff7aa257', 1, 0, '1588198142'),
('0x005cf8730dc414c1b96cd0d44d3d3eb9ffb1b619d2b9548ed1d3a0349ae748c1', 68, 'UpLevel', '0x822b06f4e1d04ef13d0c9f67694f78b99fef970c', '', 1, 0, '1588198142'),
('0x00613e8fdfa9d459435aa44a990b835875308b8c717e9e4609fa4b150eeb018c', 55, 'Register', '0xc536e9c9c12e93c8e591b02bd5fc3ff4ad34aa58', '0x5a3fabbbdd26ab2fc85d56e1fa5c0ace7875e1c4', 1, 0, '1588191542'),
('0x00613e8fdfa9d459435aa44a990b835875308b8c717e9e4609fa4b150eeb018c', 56, 'UpLevel', '0xc536e9c9c12e93c8e591b02bd5fc3ff4ad34aa58', '', 1, 0, '1588191542'),
('0x00613e8fdfa9d459435aa44a990b835875308b8c717e9e4609fa4b150eeb018c', 57, 'UpLevel', '0x5a3fabbbdd26ab2fc85d56e1fa5c0ace7875e1c4', '', 2, 0, '1588191542'),
('0x0063a518b12a1bc01f96beb0ada1a50c6465e6f0844b55bf9b27e0f0060a9670', 6, 'Register', '0xeff5fc3e1e55df35a27bce24b645d96c95c23f9b', '0xdd188329c54e101ae7127231bf24b300bd53c587', 1, 0, '1588632662'),
('0x0063a518b12a1bc01f96beb0ada1a50c6465e6f0844b55bf9b27e0f0060a9670', 7, 'UpLevel', '0xeff5fc3e1e55df35a27bce24b645d96c95c23f9b', '', 1, 0, '1588632662'),
('0x008ecaa4bd147f2347f9cf791de8801acd11bd2f1ba76fafc67c8edd075e8b2c', 126, 'Register', '0xb4361cc01bfe11e00edf10966123c46dccb54f17', '0x27db7f2386752f6d8cfbae62bcc13ee13e332550', 1, 0, '1589030161'),
('0x008ecaa4bd147f2347f9cf791de8801acd11bd2f1ba76fafc67c8edd075e8b2c', 127, 'UpLevel', '0xb4361cc01bfe11e00edf10966123c46dccb54f17', '', 1, 0, '1589030162'),
('0x00a6a2e06f990e08d83da7afca96ebe3acf3a5a85e255aaba770396d5de34599', 6, 'Register', '0x0faec4bf0a62c9212d2adca0271e00ea7ba683c8', '0xb83a047c51a12751728fd1085a7c97ab732660a0', 1, 0, '1588189023'),
('0x00a6a2e06f990e08d83da7afca96ebe3acf3a5a85e255aaba770396d5de34599', 7, 'UpLevel', '0x0faec4bf0a62c9212d2adca0271e00ea7ba683c8', '', 1, 0, '1588189023'),
('0x00bf71470ac158165707b48049283b227c855fe772cd56500526f2c261d0749a', 76, 'Register', '0xabce7536af81763b8a90a3b8fcfc322c085eb9ca', '0xb126edcc7229a0cf88498e309eab9a3c870d3f00', 1, 0, '1589415301'),
('0x00bf71470ac158165707b48049283b227c855fe772cd56500526f2c261d0749a', 77, 'UpLevel', '0xabce7536af81763b8a90a3b8fcfc322c085eb9ca', '', 1, 0, '1589415301'),
('0x00bf71470ac158165707b48049283b227c855fe772cd56500526f2c261d0749a', 78, 'UpLevel', '0xb126edcc7229a0cf88498e309eab9a3c870d3f00', '', 2, 0, '1589415301'),
('0x00bf71470ac158165707b48049283b227c855fe772cd56500526f2c261d0749a', 79, 'UpLevel', '0x45d13dd27f9b6b101c24ae59a81e21ad1a15b89a', '', 3, 0, '1589415301'),
('0x00bf71470ac158165707b48049283b227c855fe772cd56500526f2c261d0749a', 80, 'Profit', '0x099caf45d3e9ef1a1f889d58593c3c83b369b346', '0xabce7536af81763b8a90a3b8fcfc322c085eb9ca', 0, 0.9, '1589415302'),
('0x00d126e5a4330004d837d504ab56ba1d0a84ce881547095ef7e0c93c9e2f29d1', 71, 'Register', '0x09197649b35fd986b2471aae2b599365f5b3c114', '0x5c38a255a183f19924848f501effadbb134efe97', 1, 0, '1589103842'),
('0x00d126e5a4330004d837d504ab56ba1d0a84ce881547095ef7e0c93c9e2f29d1', 72, 'UpLevel', '0x09197649b35fd986b2471aae2b599365f5b3c114', '', 1, 0, '1589103842'),
('0x00f80c1baf29e32988d0837548053966c9f684693a5d1813a7532a1a9146b86f', 25, 'Register', '0x99c6c6b72996ad42d75d0cf80f4434720407a641', '0x9a5274f90bb3cb737e510781bafcb2ef5bc5e475', 1, 0, '1589758802'),
('0x00f80c1baf29e32988d0837548053966c9f684693a5d1813a7532a1a9146b86f', 26, 'UpLevel', '0x99c6c6b72996ad42d75d0cf80f4434720407a641', '', 1, 0, '1589758802'),
('0x0116303da40dc4b304c01741f99458ad9bd99a87adaffebc11ded3b790e777fd', 85, 'Register', '0xc0037eb39081848feac7b1d785d1e9b3b0c5956d', '0xeb0fd04cd4ebc09e2c2a17dae9745c6987bf2095', 1, 0, '1588212786'),
('0x0116303da40dc4b304c01741f99458ad9bd99a87adaffebc11ded3b790e777fd', 86, 'UpLevel', '0xc0037eb39081848feac7b1d785d1e9b3b0c5956d', '', 1, 0, '1588212786'),
('0x011e861484824a8542e49059f7f7e92e9067a5456c73ff942bb38f9341ae3454', 16, 'Register', '0xf741e10ec11758137e29090a715209a594009d77', '0x77f3a391c0164bdeb6c6006bb867b45cb01f3775', 1, 0, '1588190162'),
('0x011e861484824a8542e49059f7f7e92e9067a5456c73ff942bb38f9341ae3454', 17, 'UpLevel', '0xf741e10ec11758137e29090a715209a594009d77', '', 1, 0, '1588190163'),
('0x0126a630dd82ce11d703a01143ded989fa12c54c4a397fce3e87e0804ac4539a', 17, 'Register', '0x962cb044b5405c8e69b7bb8a79266eebc8f02d1d', '0xef3fdcb6fc84983fa39d3f4bdec5932372362ea7', 1, 0, '1589150522'),
('0x0126a630dd82ce11d703a01143ded989fa12c54c4a397fce3e87e0804ac4539a', 18, 'UpLevel', '0x962cb044b5405c8e69b7bb8a79266eebc8f02d1d', '', 1, 0, '1589150522'),
('0x01285ee194a8ed9dbdd79c2b7f92b80fee65f633187b747579ac418b2431891a', 165, 'Register', '0xf6ea36a5153a5ed33aeb1718582553f51b82161a', '0xf09edb0ca918134ebbe0f93d56fcb235b60b8632', 1, 0, '1588213083'),
('0x01285ee194a8ed9dbdd79c2b7f92b80fee65f633187b747579ac418b2431891a', 166, 'UpLevel', '0xf6ea36a5153a5ed33aeb1718582553f51b82161a', '', 1, 0, '1588213083'),
('0x016c298e41568336b4722aa982d9740cc0401bc98935f57089541838af141b34', 26, 'Register', '0x9a3a390047182c2635a05baef977565b5018d9e1', '0xabc2bb73e29d52957e3f0290de3bfa06a1060480', 1, 0, '1588355582'),
('0x016c298e41568336b4722aa982d9740cc0401bc98935f57089541838af141b34', 27, 'UpLevel', '0x9a3a390047182c2635a05baef977565b5018d9e1', '', 1, 0, '1588355582'),
('0x019047a85c102113043bc4cf6a150d8501cab120efd56195664e552ad02566f3', 20, 'Register', '0x1f6392fc256c822c1cef23c223095e34a15d7abf', '0xab38e48e80a95f3c76863a230d522fb9b7bd681c', 1, 0, '1588771502'),
('0x019047a85c102113043bc4cf6a150d8501cab120efd56195664e552ad02566f3', 21, 'UpLevel', '0x1f6392fc256c822c1cef23c223095e34a15d7abf', '', 1, 0, '1588771502'),
('0x0193620be5b5a83757d5ef1e68a79ed8a90db29a40d9c9d450448e2911008909', 94, 'Register', '0xccc204f9ba1fa4372e130bcc7f5225afec8cad46', '0x5d43cfbebef6564a136fd40721d0734d9a80b855', 1, 0, '1589418781'),
('0x0193620be5b5a83757d5ef1e68a79ed8a90db29a40d9c9d450448e2911008909', 95, 'UpLevel', '0xccc204f9ba1fa4372e130bcc7f5225afec8cad46', '', 1, 0, '1589418781'),
('0x0193620be5b5a83757d5ef1e68a79ed8a90db29a40d9c9d450448e2911008909', 96, 'UpLevel', '0x5d43cfbebef6564a136fd40721d0734d9a80b855', '', 2, 0, '1589418781'),
('0x0193620be5b5a83757d5ef1e68a79ed8a90db29a40d9c9d450448e2911008909', 97, 'UpLevel', '0xcd3cccf6ca96f36be57a8059367469da9bee09f3', '', 3, 0, '1589418781'),
('0x0193620be5b5a83757d5ef1e68a79ed8a90db29a40d9c9d450448e2911008909', 98, 'Profit', '0x76728607d6a906924bebbde8020c86765485ae21', '0xccc204f9ba1fa4372e130bcc7f5225afec8cad46', 0, 0.9, '1589418781'),
('0x019a9101165f272274e75759de45d425891fc1b2f11c69626bf32cb7d4463107', 32, 'Register', '0x9aa45baddcbb20be583c28d9370b74803c122b54', '0x8cf733b836f3a978d1932ac7ba7b723007c17ddd', 1, 0, '1588291322'),
('0x019a9101165f272274e75759de45d425891fc1b2f11c69626bf32cb7d4463107', 33, 'UpLevel', '0x9aa45baddcbb20be583c28d9370b74803c122b54', '', 1, 0, '1588291322'),
('0x01bc118d35b45fe916af0b047fef601e2a1b38de74bde88bb70d2ff3edf09bd9', 40, 'Register', '0x4acb85d934a84b65d0a883bda96e28c77b6b5cdc', '0x20de0a712199c43a1f859338a95a035e848ecf96', 1, 0, '1589053622'),
('0x01bc118d35b45fe916af0b047fef601e2a1b38de74bde88bb70d2ff3edf09bd9', 41, 'UpLevel', '0x4acb85d934a84b65d0a883bda96e28c77b6b5cdc', '', 1, 0, '1589053622'),
('0x01d15b85ea7a9e5a07f1398bf120cc40613b72412059878817e7f8548c0debc3', 22, 'Register', '0x0bcf0b327c339a728302def71d82b1972a1478d0', '0x62841cf0b4e45f8bbc80c323bcc2033f544b20b8', 1, 0, '1589028542'),
('0x01d15b85ea7a9e5a07f1398bf120cc40613b72412059878817e7f8548c0debc3', 23, 'UpLevel', '0x0bcf0b327c339a728302def71d82b1972a1478d0', '', 1, 0, '1589028543'),
('0x01d15b85ea7a9e5a07f1398bf120cc40613b72412059878817e7f8548c0debc3', 24, 'UpLevel', '0x62841cf0b4e45f8bbc80c323bcc2033f544b20b8', '', 2, 0, '1589028543'),
('0x01d38971bb756d381776550664fbaec24fa648519b78897eec6d06fe99bf3baa', 33, 'Register', '0x8b23cfb7e73496503c83fa43d1540b1c4b2871d5', '0x7d5562927a3e8e7e16cf9b4bb4b3227c52996246', 1, 0, '1589604241'),
('0x01d38971bb756d381776550664fbaec24fa648519b78897eec6d06fe99bf3baa', 34, 'UpLevel', '0x8b23cfb7e73496503c83fa43d1540b1c4b2871d5', '', 1, 0, '1589604241'),
('0x01d38971bb756d381776550664fbaec24fa648519b78897eec6d06fe99bf3baa', 35, 'UpLevel', '0x7d5562927a3e8e7e16cf9b4bb4b3227c52996246', '', 2, 0, '1589604242'),
('0x01d38971bb756d381776550664fbaec24fa648519b78897eec6d06fe99bf3baa', 36, 'UpLevel', '0x85dea3dca5b54cbd002d42a8441477e666f387c0', '', 3, 0, '1589604242'),
('0x01d38971bb756d381776550664fbaec24fa648519b78897eec6d06fe99bf3baa', 37, 'Profit', '0x490435ec9ab1f1c0f2016ed83463954a5ef22ccd', '0x8b23cfb7e73496503c83fa43d1540b1c4b2871d5', 0, 0.9, '1589604242'),
('0x01d79d3155e5d80a3d24ae8acc052d9fbac0d877fd8ab37a3b57f04437b62e0a', 80, 'Register', '0x1b01aec4e7ed27226ff6bc0c1303df7d1f88e40f', '0x41fdfbc03b0daff5faf16cc12c3c330076908688', 1, 0, '1588321801'),
('0x01d79d3155e5d80a3d24ae8acc052d9fbac0d877fd8ab37a3b57f04437b62e0a', 81, 'UpLevel', '0x1b01aec4e7ed27226ff6bc0c1303df7d1f88e40f', '', 1, 0, '1588321802'),
('0x01f94b5a2459b3c7d70fd0aa8d2220920356b902424be8fe85829f33fb4345b0', 135, 'Register', '0xe98066b0eb946b049a739746e56f1659168df2d7', '0x439f8908907082ee97a3e068a7f69c9a37b84ecd', 1, 0, '1588211103'),
('0x01f94b5a2459b3c7d70fd0aa8d2220920356b902424be8fe85829f33fb4345b0', 136, 'UpLevel', '0xe98066b0eb946b049a739746e56f1659168df2d7', '', 1, 0, '1588211103'),
('0x0236e774ceee3af374a4d2da53ae2d9ef399367186aeeb08f2d5a7c171aa593e', 13, 'Register', '0x73533172c3551db7a442bc5c5a7d86e0f9da79e9', '0x6802ca7624f64430d9a62b604c6504785f75320e', 1, 0, '1589130602'),
('0x0236e774ceee3af374a4d2da53ae2d9ef399367186aeeb08f2d5a7c171aa593e', 14, 'UpLevel', '0x73533172c3551db7a442bc5c5a7d86e0f9da79e9', '', 1, 0, '1589130602'),
('0x0239fe598d84623654d7b8f51d2f026b682538c66ebb8989893f69baed24a862', 21, 'Register', '0x1d5c07467e759e6b99c8c88140b02ab5fb8765fd', '0xb621a72f02e35c70357ca5120d79d51074db5bb4', 1, 0, '1589401502'),
('0x0239fe598d84623654d7b8f51d2f026b682538c66ebb8989893f69baed24a862', 22, 'UpLevel', '0x1d5c07467e759e6b99c8c88140b02ab5fb8765fd', '', 1, 0, '1589401502'),
('0x0239fe598d84623654d7b8f51d2f026b682538c66ebb8989893f69baed24a862', 23, 'UpLevel', '0xb621a72f02e35c70357ca5120d79d51074db5bb4', '', 2, 0, '1589401502'),
('0x0240a823c913d48b5939fc88baccf0287613f43060fabd4db919e64543b4f9e0', 39, 'Register', '0xaf781f8c15330458f6e6e62dbfbea99b6751f869', '0x37051f88906db0114f8da448a28392af8bc7741f', 1, 0, '1589419802'),
('0x0240a823c913d48b5939fc88baccf0287613f43060fabd4db919e64543b4f9e0', 40, 'UpLevel', '0xaf781f8c15330458f6e6e62dbfbea99b6751f869', '', 1, 0, '1589419802'),
('0x0256f8ec98765a6956c42d51d90f93cc75237aff1a94c06b54aebc844f4f8642', 108, 'Register', '0x6a7d8a169ac766b872402e09bba7768aa6c17e14', '0x81a1c6b6fb9690cbabc63660fffdaf1e7020ba6e', 1, 0, '1589453341'),
('0x0256f8ec98765a6956c42d51d90f93cc75237aff1a94c06b54aebc844f4f8642', 109, 'UpLevel', '0x6a7d8a169ac766b872402e09bba7768aa6c17e14', '', 1, 0, '1589453341'),
('0x0256f8ec98765a6956c42d51d90f93cc75237aff1a94c06b54aebc844f4f8642', 110, 'UpLevel', '0x81a1c6b6fb9690cbabc63660fffdaf1e7020ba6e', '', 2, 0, '1589453342'),
('0x025776e6a776e4a5261dc985b227c3d5790e213a2d6140259e0f489e3fa3f6df', 42, 'Register', '0xa6c2d8ddfc66278120fe3b2ba83b27e5618b1ea2', '0xa5fe9a71629089ad25139b7bdd6bb9dd4189faed', 1, 0, '1588187283'),
('0x025776e6a776e4a5261dc985b227c3d5790e213a2d6140259e0f489e3fa3f6df', 43, 'UpLevel', '0xa6c2d8ddfc66278120fe3b2ba83b27e5618b1ea2', '', 1, 0, '1588187284'),
('0x026c96c2973fb9998459e38c75d3cbe46070f10dda0e28cca31a1dc1d7f74b30', 125, 'Register', '0xd15cbe66ee8ed35db5c7ed8dd4ebe0585f35c4de', '0x024aeb0c72f9939ca4da2e53e980be8f199a1882', 1, 0, '1588244762'),
('0x026c96c2973fb9998459e38c75d3cbe46070f10dda0e28cca31a1dc1d7f74b30', 126, 'UpLevel', '0xd15cbe66ee8ed35db5c7ed8dd4ebe0585f35c4de', '', 1, 0, '1588244762'),
('0x027016e080fb43564526ddd1333e40fbf9b68a597e6cbfc2d06a7b0fff4adecd', 124, 'Register', '0xa5a5c9c79713049b5622d7d4680aacab993c6ce9', '0xb3890e0a8482beda69fe3b1dbcdf8774b7d28fe4', 1, 0, '1589708522'),
('0x027016e080fb43564526ddd1333e40fbf9b68a597e6cbfc2d06a7b0fff4adecd', 125, 'UpLevel', '0xa5a5c9c79713049b5622d7d4680aacab993c6ce9', '', 1, 0, '1589708522'),
('0x0273bb0962e71ed4e9736b9df79163f3e3713c5c8a7e133a152c2ee9e0658eed', 58, 'Register', '0x941263e0b1f2ac15b454d7644553a566851df917', '0x9458e24623e48321845a2b091193c813eb55881c', 1, 0, '1588255382'),
('0x0273bb0962e71ed4e9736b9df79163f3e3713c5c8a7e133a152c2ee9e0658eed', 59, 'UpLevel', '0x941263e0b1f2ac15b454d7644553a566851df917', '', 1, 0, '1588255382'),
('0x0273bb0962e71ed4e9736b9df79163f3e3713c5c8a7e133a152c2ee9e0658eed', 60, 'UpLevel', '0x9458e24623e48321845a2b091193c813eb55881c', '', 2, 0, '1588255382'),
('0x0273bb0962e71ed4e9736b9df79163f3e3713c5c8a7e133a152c2ee9e0658eed', 61, 'UpLevel', '0xd389b6b38cb01c5bbe97a43c6aae13d8edd4fb65', '', 3, 0, '1588255383'),
('0x0273bb0962e71ed4e9736b9df79163f3e3713c5c8a7e133a152c2ee9e0658eed', 62, 'UpLevel', '0x59fa988b0d881d44b553a4c93b515022bf6da2bf', '', 4, 0, '1588255383'),
('0x0273bb0962e71ed4e9736b9df79163f3e3713c5c8a7e133a152c2ee9e0658eed', 63, 'Profit', '0x76b3ee4035db64ea6318ecf0783cbce73426512e', '0x941263e0b1f2ac15b454d7644553a566851df917', 0, 1.8, '1588255383'),
('0x0285ea11bad34da5b7d7bc8aed73ad2d848c19121e38de12128af6cb3b02c005', 67, 'Register', '0x562bff518572b277d26ea2097f714d9e2b7497b4', '0xab74e873c912b6bf90d0dda0370f12bf1d918484', 1, 0, '1588201321'),
('0x0285ea11bad34da5b7d7bc8aed73ad2d848c19121e38de12128af6cb3b02c005', 68, 'UpLevel', '0x562bff518572b277d26ea2097f714d9e2b7497b4', '', 1, 0, '1588201322'),
('0x0287db7a1c7fa79be49effebb2791869232a21ddbad786e432f294c7060ed40b', 130, 'Register', '0x93e66277cb8459f7d040ba84af81f452290fd1b1', '0xeac43a0fecdbb4c939f0effc67e02d6a2a10b561', 1, 0, '1588181646'),
('0x0287db7a1c7fa79be49effebb2791869232a21ddbad786e432f294c7060ed40b', 131, 'UpLevel', '0x93e66277cb8459f7d040ba84af81f452290fd1b1', '', 1, 0, '1588181646'),
('0x0287db7a1c7fa79be49effebb2791869232a21ddbad786e432f294c7060ed40b', 132, 'UpLevel', '0xeac43a0fecdbb4c939f0effc67e02d6a2a10b561', '', 2, 0, '1588181646'),
('0x0288be403ff1e89ac2b6b5565f72797eaa131661ffc6092463482e3842053dad', 90, 'Register', '0xc64eeac13260694dc3e8e4ae4f7def33564abb3f', '0x42089a2eb6de409178d217ec8ab0f05f53fd7a82', 1, 0, '1589399582'),
('0x0288be403ff1e89ac2b6b5565f72797eaa131661ffc6092463482e3842053dad', 91, 'UpLevel', '0xc64eeac13260694dc3e8e4ae4f7def33564abb3f', '', 1, 0, '1589399582'),
('0x029c7b8aa12e9d2b38ec0a3555cba81a4f5bc1b80b1a60f248350be87c258c7b', 57, 'Register', '0xcfe6fe90e5e67d8bb6c8bec9d70b8347bd468f0a', '0x5e03468a34eaee771ddd8289504656384749e7c3', 1, 0, '1588181651'),
('0x029c7b8aa12e9d2b38ec0a3555cba81a4f5bc1b80b1a60f248350be87c258c7b', 58, 'UpLevel', '0xcfe6fe90e5e67d8bb6c8bec9d70b8347bd468f0a', '', 1, 0, '1588181651'),
('0x029c7b8aa12e9d2b38ec0a3555cba81a4f5bc1b80b1a60f248350be87c258c7b', 59, 'UpLevel', '0x5e03468a34eaee771ddd8289504656384749e7c3', '', 2, 0, '1588181652'),
('0x029c7b8aa12e9d2b38ec0a3555cba81a4f5bc1b80b1a60f248350be87c258c7b', 60, 'UpLevel', '0x680b58a90d10c3924cfb734de9edcb0a44a3f22e', '', 3, 0, '1588181652'),
('0x029c7b8aa12e9d2b38ec0a3555cba81a4f5bc1b80b1a60f248350be87c258c7b', 61, 'UpLevel', '0xd3cf11873da75e5aae7fa46425fa6672eaa4a121', '', 4, 0, '1588181652'),
('0x029e365a974757a7bfdb789a18792d1a2f6bd5e861a99094c17d18cedfb2a58b', 11, 'Register', '0xd3a312ae72629242310b7ec0fc6bf31828d1a7bb', '0xa5819bbc05ce2b1f1e47543ebde058e605a9fdb4', 1, 0, '1588882501'),
('0x029e365a974757a7bfdb789a18792d1a2f6bd5e861a99094c17d18cedfb2a58b', 12, 'UpLevel', '0xd3a312ae72629242310b7ec0fc6bf31828d1a7bb', '', 1, 0, '1588882502'),
('0x02a375e124c9c12a5328e938e2073b95b0497666135511d551c2e4ef51f9d098', 11, 'Register', '0x27a08f7e2f7953ce5b89952477e25b6cca2c2275', '0xbf48a6462e1de7db368653040fb2e6432b9ac83a', 1, 0, '1588987261'),
('0x02a375e124c9c12a5328e938e2073b95b0497666135511d551c2e4ef51f9d098', 12, 'UpLevel', '0x27a08f7e2f7953ce5b89952477e25b6cca2c2275', '', 1, 0, '1588987261'),
('0x02a375e124c9c12a5328e938e2073b95b0497666135511d551c2e4ef51f9d098', 13, 'UpLevel', '0xbf48a6462e1de7db368653040fb2e6432b9ac83a', '', 2, 0, '1588987262'),
('0x02a375e124c9c12a5328e938e2073b95b0497666135511d551c2e4ef51f9d098', 14, 'UpLevel', '0x888dfa57f9c72fae5b1966112762a251e2a2b22a', '', 3, 0, '1588987262'),
('0x02a375e124c9c12a5328e938e2073b95b0497666135511d551c2e4ef51f9d098', 15, 'Profit', '0xce59ba9a44e2c8a2a47e8eb65dbe2c79c3d6f85d', '0x27a08f7e2f7953ce5b89952477e25b6cca2c2275', 0, 0.9, '1588987262'),
('0x02e1cbdfe5739470f7f3212dad328a79ec0c3b4031406551ff47382e4102e187', 36, 'Register', '0xf8eb59b3e2f980df04d9b5026e3bc670a30b9ccc', '0xee652f68377308d876a7c1ba61a21ba7b3156ae1', 1, 0, '1588189263'),
('0x02e1cbdfe5739470f7f3212dad328a79ec0c3b4031406551ff47382e4102e187', 37, 'UpLevel', '0xf8eb59b3e2f980df04d9b5026e3bc670a30b9ccc', '', 1, 0, '1588189264'),
('0x02e2c491b8ad6551274080ba035bd84fc28e01f4c9423bc8cccb8a5bea40d2c3', 59, 'Register', '0x3e8c21aefb1717dc8fec8f4301f865921fc6bb87', '0x1d58198bb866c520716b51a89a701e7ed8d558b5', 1, 0, '1588407841'),
('0x02e2c491b8ad6551274080ba035bd84fc28e01f4c9423bc8cccb8a5bea40d2c3', 60, 'UpLevel', '0x3e8c21aefb1717dc8fec8f4301f865921fc6bb87', '', 1, 0, '1588407842'),
('0x02eb7bece0d05bfcf143b15eed5b8bd12ee623fbc00f2624e638b1aee566c7e4', 14, 'Register', '0x730d657c8886a0b6baaf2549081cce34e5496e62', '0xe9e73f30fea6ff0428ccfa1536433fecd99061da', 1, 0, '1588210505'),
('0x02eb7bece0d05bfcf143b15eed5b8bd12ee623fbc00f2624e638b1aee566c7e4', 15, 'UpLevel', '0x730d657c8886a0b6baaf2549081cce34e5496e62', '', 1, 0, '1588210505'),
('0x03515c9afa9422fbe3fcad6a7b3b169d24e998091d1cf577e5c13ffc1e578e4e', 53, 'Register', '0x6db8c2756a24813523e69579ee1105a97ad104fd', '0x83a6136a20f477b88e0689adbf2f2a7836779c09', 1, 0, '1589120702'),
('0x03515c9afa9422fbe3fcad6a7b3b169d24e998091d1cf577e5c13ffc1e578e4e', 54, 'UpLevel', '0x6db8c2756a24813523e69579ee1105a97ad104fd', '', 1, 0, '1589120702'),
('0x036d0f1d4581f188a4158a61a9b757182168a526e3e8cb43d99488b81e254528', 14, 'Register', '0x3b1ee6917519d21f73e7470d923371c2a7807d03', '0x894e1eb1287aa8dc94b7e9ed9d4c22a6c923d7d6', 1, 0, '1588792802'),
('0x036d0f1d4581f188a4158a61a9b757182168a526e3e8cb43d99488b81e254528', 15, 'UpLevel', '0x3b1ee6917519d21f73e7470d923371c2a7807d03', '', 1, 0, '1588792802'),
('0x036d0f1d4581f188a4158a61a9b757182168a526e3e8cb43d99488b81e254528', 16, 'UpLevel', '0x894e1eb1287aa8dc94b7e9ed9d4c22a6c923d7d6', '', 2, 0, '1588792802'),
('0x036d0f1d4581f188a4158a61a9b757182168a526e3e8cb43d99488b81e254528', 17, 'UpLevel', '0x67dcb3a2b6c6f3c11fca3b4d2119c8bc27b85118', '', 3, 0, '1588792803'),
('0x036d0f1d4581f188a4158a61a9b757182168a526e3e8cb43d99488b81e254528', 18, 'Profit', '0x68e3b4d94a1f7f3e4ae14a5e8b08bd5df7f1ec5a', '0x3b1ee6917519d21f73e7470d923371c2a7807d03', 0, 0.9, '1588792803'),
('0x03711474dad56dae402005864c1634ff34fb73e2a9441f6a2f1443539877489c', 115, 'Register', '0x76728607d6a906924bebbde8020c86765485ae21', '0xce59ba9a44e2c8a2a47e8eb65dbe2c79c3d6f85d', 1, 0, '1588186982'),
('0x03711474dad56dae402005864c1634ff34fb73e2a9441f6a2f1443539877489c', 116, 'UpLevel', '0x76728607d6a906924bebbde8020c86765485ae21', '', 1, 0, '1588186982'),
('0x038958603e4ad18e6853ddfef3a625283145df318a632de67989035cbac6ce55', 49, 'Register', '0x76b3ee4035db64ea6318ecf0783cbce73426512e', '0xd060d8a37e0111cff1d5941cf206a778f8c96494', 1, 0, '1588181644'),
('0x038958603e4ad18e6853ddfef3a625283145df318a632de67989035cbac6ce55', 50, 'UpLevel', '0x76b3ee4035db64ea6318ecf0783cbce73426512e', '', 1, 0, '1588181644'),
('0x038958603e4ad18e6853ddfef3a625283145df318a632de67989035cbac6ce55', 51, 'UpLevel', '0xd060d8a37e0111cff1d5941cf206a778f8c96494', '', 2, 0, '1588181644'),
('0x03a2249462c1f672f98256e339dbb927bd6e0659fe01024f6455b95aee380675', 53, 'Register', '0x1a33baa0a5ba0341fc730c0c65e65427fe892141', '0xccc911307d9df7a29da4b6cec931ca2cbc91704f', 1, 0, '1589018461'),
('0x03a2249462c1f672f98256e339dbb927bd6e0659fe01024f6455b95aee380675', 54, 'UpLevel', '0x1a33baa0a5ba0341fc730c0c65e65427fe892141', '', 1, 0, '1589018461'),
('0x03b8511d0e1d7fef93746051d56bcf77f78da7821079fdd836c3e2a447140a29', 74, 'Register', '0x5c581ca75f3aa9a82c961bf08eb5008885ffecc0', '0xfc7002f70fcfb1a307234eef1a97a4f32acbd5ca', 1, 0, '1588858321'),
('0x03b8511d0e1d7fef93746051d56bcf77f78da7821079fdd836c3e2a447140a29', 75, 'UpLevel', '0x5c581ca75f3aa9a82c961bf08eb5008885ffecc0', '', 1, 0, '1588858321'),
('0x03e78c9e30774a7d012fe285393d9f4e25bf32bf527077a6d79a5c2fee3e5b41', 134, 'Register', '0x1f8f1545ced6b906397614e7aa548b90bad44b3e', '0x4968d27ab81ad93eee0c6e98fa68daee759858c9', 1, 0, '1588525502'),
('0x03e78c9e30774a7d012fe285393d9f4e25bf32bf527077a6d79a5c2fee3e5b41', 135, 'UpLevel', '0x1f8f1545ced6b906397614e7aa548b90bad44b3e', '', 1, 0, '1588525502'),
('0x03ec258b4ba79fd01c2c53294eb55eae3c2dbed11ea0b419341de74419480a70', 97, 'Register', '0x7fae278e8d2ddb9b3828f64cc911ae235667c865', '0x60f4571279252012fe9ec7b222f5f62d9eed538c', 1, 0, '1588210804'),
('0x03ec258b4ba79fd01c2c53294eb55eae3c2dbed11ea0b419341de74419480a70', 98, 'UpLevel', '0x7fae278e8d2ddb9b3828f64cc911ae235667c865', '', 1, 0, '1588210804'),
('0x03fcba1c6cd8cfae8b49776a887e3d7df332a4bfdb2d5d3da41c533716547a99', 14, 'Register', '0x5a15e83699446460fde9b5114f94e44ab38bcf95', '0x96d85e0e75d7e9f48811d8f2aa8d7225b77f2be4', 1, 0, '1588447921'),
('0x03fcba1c6cd8cfae8b49776a887e3d7df332a4bfdb2d5d3da41c533716547a99', 15, 'UpLevel', '0x5a15e83699446460fde9b5114f94e44ab38bcf95', '', 1, 0, '1588447922'),
('0x03fcba1c6cd8cfae8b49776a887e3d7df332a4bfdb2d5d3da41c533716547a99', 16, 'UpLevel', '0x96d85e0e75d7e9f48811d8f2aa8d7225b77f2be4', '', 2, 0, '1588447922'),
('0x04042f11968cb00af3e5fb038fbf2e15812479bc5f6989d5bb77bafa5018ca9c', 3, 'Register', '0x32ece0192c4daf7d542378c15c0f629f1e21b911', '0xd6a9ff6927312206eecca14bcb366cf367fc587d', 1, 0, '1588291862'),
('0x04042f11968cb00af3e5fb038fbf2e15812479bc5f6989d5bb77bafa5018ca9c', 4, 'UpLevel', '0x32ece0192c4daf7d542378c15c0f629f1e21b911', '', 1, 0, '1588291863'),
('0x04042f11968cb00af3e5fb038fbf2e15812479bc5f6989d5bb77bafa5018ca9c', 5, 'UpLevel', '0xd6a9ff6927312206eecca14bcb366cf367fc587d', '', 2, 0, '1588291863'),
('0x040a307629ee30087f3cff5337df3575bb6db78fbf8964b33722d2136f71d9fd', 84, 'Register', '0x9fdb3588e850da11ebd5ace8101a514448aa1a06', '0x2aaac79833b93954942cd8754fdbdd859e88dd9c', 1, 0, '1588212542'),
('0x040a307629ee30087f3cff5337df3575bb6db78fbf8964b33722d2136f71d9fd', 85, 'UpLevel', '0x9fdb3588e850da11ebd5ace8101a514448aa1a06', '', 1, 0, '1588212542'),
('0x041d4fb826d355019df2a10200308bd6a9a75aff2667d2f69bb9e301baf7c73e', 13, 'Register', '0xc20c6dae7f27e7de553a94f66ef7e57300bf6f38', '0x7859a492e30c8c7ab6e3531883ab52e76fa22476', 1, 0, '1588208762'),
('0x041d4fb826d355019df2a10200308bd6a9a75aff2667d2f69bb9e301baf7c73e', 14, 'UpLevel', '0xc20c6dae7f27e7de553a94f66ef7e57300bf6f38', '', 1, 0, '1588208763'),
('0x041d4fb826d355019df2a10200308bd6a9a75aff2667d2f69bb9e301baf7c73e', 15, 'UpLevel', '0x7859a492e30c8c7ab6e3531883ab52e76fa22476', '', 2, 0, '1588208763'),
('0x041d4fb826d355019df2a10200308bd6a9a75aff2667d2f69bb9e301baf7c73e', 16, 'UpLevel', '0x5a463abfd4d88ee798369fee40f1c6bd9e6ee55d', '', 3, 0, '1588208763'),
('0x0422ecc0bbb1ed493ade1d37f37b4048399965929e251ffccc1df3ccd36d8b76', 4, 'Register', '0xe6d4fa20afd39eff53d76d7a147ad743086438d7', '0xdd6a6e9f57c0c4fafe7ad6e858f56e2b5db11efb', 1, 0, '1588560541'),
('0x0422ecc0bbb1ed493ade1d37f37b4048399965929e251ffccc1df3ccd36d8b76', 5, 'UpLevel', '0xe6d4fa20afd39eff53d76d7a147ad743086438d7', '', 1, 0, '1588560542'),
('0x04362e286ff9773a4d57679d34ea6df319ab0457ee8d77d1e0a489a99271f550', 91, 'Register', '0xd2369339042a9e115d6e847b12d6a6f8d77f42ae', '0x4f634ee738be70e29b58da0f81d924b4120847d5', 1, 0, '1589385902'),
('0x04362e286ff9773a4d57679d34ea6df319ab0457ee8d77d1e0a489a99271f550', 92, 'UpLevel', '0xd2369339042a9e115d6e847b12d6a6f8d77f42ae', '', 1, 0, '1589385902'),
('0x04362e286ff9773a4d57679d34ea6df319ab0457ee8d77d1e0a489a99271f550', 93, 'UpLevel', '0x4f634ee738be70e29b58da0f81d924b4120847d5', '', 2, 0, '1589385902'),
('0x044e8bd56b41cc5101929754763911677321d6d0c5ff1f3ab4f17302c25e76e5', 37, 'Register', '0xd5f28d63dee226b77510b1218f859c789532be9c', '0x0782044b86a40998ca936db1af5733b685d8aad4', 1, 0, '1589294102'),
('0x044e8bd56b41cc5101929754763911677321d6d0c5ff1f3ab4f17302c25e76e5', 38, 'UpLevel', '0xd5f28d63dee226b77510b1218f859c789532be9c', '', 1, 0, '1589294102'),
('0x0468b994bb2cb572ba126928b95a88f461f1b5cb1419dbc062fc4c7036cb0604', 82, 'Register', '0x1d81e53e26fb9f3452e63083216e23aa21482fcb', '0x888dfa57f9c72fae5b1966112762a251e2a2b22a', 1, 0, '1588218542'),
('0x0468b994bb2cb572ba126928b95a88f461f1b5cb1419dbc062fc4c7036cb0604', 83, 'UpLevel', '0x1d81e53e26fb9f3452e63083216e23aa21482fcb', '', 1, 0, '1588218542'),
('0x048239e6fcdf7999ba99ba1b550a332e9ad52e1e9d2c9b435f2460a4a5dbd774', 174, 'Register', '0x6ee816b50e6faafe557e176049b883f6cd7648e8', '0x84da621fd7c60a9868a459169cb09236160dd5fe', 1, 0, '1588210441'),
('0x048239e6fcdf7999ba99ba1b550a332e9ad52e1e9d2c9b435f2460a4a5dbd774', 175, 'UpLevel', '0x6ee816b50e6faafe557e176049b883f6cd7648e8', '', 1, 0, '1588210441'),
('0x048f11f52773b818033b56914882c8c81641cb8cecbb1809d47079eaa7691e24', 4, 'Register', '0x92399b1a42a9cf2d087cf03f1f76fff057acb1c1', '0x3554da750d02fbf688c297d28040c1ef007b83c8', 1, 0, '1588637642'),
('0x048f11f52773b818033b56914882c8c81641cb8cecbb1809d47079eaa7691e24', 5, 'UpLevel', '0x92399b1a42a9cf2d087cf03f1f76fff057acb1c1', '', 1, 0, '1588637642'),
('0x04a6104b69af40795efd4b8013a52787ccc36a2180217d632096b6aeaca7fed3', 62, 'Register', '0x51aab561f69b0bfb3a75f9fe20510b85c65e2ab9', '0x251365d682f0b7d717e883aa8669cbe6c2301e12', 1, 0, '1588190704'),
('0x04a6104b69af40795efd4b8013a52787ccc36a2180217d632096b6aeaca7fed3', 63, 'UpLevel', '0x51aab561f69b0bfb3a75f9fe20510b85c65e2ab9', '', 1, 0, '1588190704'),
('0x04b0d1246ae2d725937db82c916d17ee5082a04207d17d8ada83d95f03b01d9c', 16, 'Register', '0x6507c221a0e1f69a5c7e408ac6604b169c170364', '0x15413f77c4cb0a944370ca314801d29a1d64be4f', 1, 0, '1588540261'),
('0x04b0d1246ae2d725937db82c916d17ee5082a04207d17d8ada83d95f03b01d9c', 17, 'UpLevel', '0x6507c221a0e1f69a5c7e408ac6604b169c170364', '', 1, 0, '1588540261'),
('0x04b520b2ca63adc34f398dd33857d9af9d3f009375922a49d7b7aac42bd08a4c', 17, 'Register', '0xb1b08fff8652ccaa6639fe4f9b0e8e4d2610d5c9', '0x1beda675aedce9f7b1678362a46bd0193136eb15', 1, 0, '1588211163'),
('0x04b520b2ca63adc34f398dd33857d9af9d3f009375922a49d7b7aac42bd08a4c', 18, 'UpLevel', '0xb1b08fff8652ccaa6639fe4f9b0e8e4d2610d5c9', '', 1, 0, '1588211163'),
('0x04bf05b43c64ca69c995b8261a7414bced18cb57faafae80df267f689b5c0a1e', 101, 'Register', '0x2d1e8703d3b7274a4a736afd46c4e313e5271897', '0xf72c8fbc2c211cf26689408f8344891c1c298355', 1, 0, '1588210683'),
('0x04bf05b43c64ca69c995b8261a7414bced18cb57faafae80df267f689b5c0a1e', 102, 'UpLevel', '0x2d1e8703d3b7274a4a736afd46c4e313e5271897', '', 1, 0, '1588210684'),
('0x04f0d0402698f06fca41c05a1923d2284bd0a106b5966d189cbc960ab5837a59', 48, 'Register', '0x2556b087581a488dbb0183e350b7d75989af9533', '0x87e71174c6baad96790c420e3f3386b572714873', 1, 0, '1588190403'),
('0x04f0d0402698f06fca41c05a1923d2284bd0a106b5966d189cbc960ab5837a59', 49, 'UpLevel', '0x2556b087581a488dbb0183e350b7d75989af9533', '', 1, 0, '1588190403'),
('0x04fa25f5b10d39d8dac5303d6a05a6cac9e5a99de60a71bbe0627ff707fa214b', 91, 'Register', '0x9c8e57fa5daa9b71cb99484d08f31ecc872f844c', '0xbea6320cc53b8d1991451a9dd7dbdf1db33098d1', 1, 0, '1588196522'),
('0x04fa25f5b10d39d8dac5303d6a05a6cac9e5a99de60a71bbe0627ff707fa214b', 92, 'UpLevel', '0x9c8e57fa5daa9b71cb99484d08f31ecc872f844c', '', 1, 0, '1588196522'),
('0x05146626bae97fcebaab5b30368cd919cd5d369ee8f7013d3c32f257614703b3', 56, 'Register', '0xb9a7214dc8e5cf1e3d1a4c6d4918473261023948', '0x33c0d02d9cd76537a307d4a5900627c773cf1a0f', 1, 0, '1588210923'),
('0x05146626bae97fcebaab5b30368cd919cd5d369ee8f7013d3c32f257614703b3', 57, 'UpLevel', '0xb9a7214dc8e5cf1e3d1a4c6d4918473261023948', '', 1, 0, '1588210923'),
('0x052fe2223ec480dba81afb4e1c80611ec1b5b10d3ff54145b16d306932e99db6', 92, 'Register', '0x34dbf1e5599dadea97b5f199a1786f86ad7a034c', '0x472e6b7bfbce5832a6bdc2798e30e873cc7ca85a', 1, 0, '1589043122'),
('0x052fe2223ec480dba81afb4e1c80611ec1b5b10d3ff54145b16d306932e99db6', 93, 'UpLevel', '0x34dbf1e5599dadea97b5f199a1786f86ad7a034c', '', 1, 0, '1589043122'),
('0x05341c62d8d659d406dbf2656642de2b5063c7d4b5dc7451a2df9cdf8379b698', 154, 'Register', '0x646126288abf33807c2e728d2baa9151f79b6c44', '0x47f365cb750acfade81ac86d732ea5635cee3f05', 1, 0, '1588946282'),
('0x05341c62d8d659d406dbf2656642de2b5063c7d4b5dc7451a2df9cdf8379b698', 155, 'UpLevel', '0x646126288abf33807c2e728d2baa9151f79b6c44', '', 1, 0, '1588946282'),
('0x05341c62d8d659d406dbf2656642de2b5063c7d4b5dc7451a2df9cdf8379b698', 156, 'UpLevel', '0x47f365cb750acfade81ac86d732ea5635cee3f05', '', 2, 0, '1588946282'),
('0x0564351f03f79429341365861e93440975d9e0c3b793e4cb32a917f64f8e4616', 169, 'Register', '0xeb1365f919013e4856a23add12feb0fedbef575e', '0xfd55ace55e28eb45dc5803e3919b77820e4176e3', 1, 0, '1588936742'),
('0x0564351f03f79429341365861e93440975d9e0c3b793e4cb32a917f64f8e4616', 170, 'UpLevel', '0xeb1365f919013e4856a23add12feb0fedbef575e', '', 1, 0, '1588936742'),
('0x0564351f03f79429341365861e93440975d9e0c3b793e4cb32a917f64f8e4616', 171, 'UpLevel', '0xfd55ace55e28eb45dc5803e3919b77820e4176e3', '', 2, 0, '1588936742'),
('0x0574d7f4df4af220c2c6bb1966b6207b4834bf19e4f7702119c767709a7fc9ab', 99, 'Register', '0x4e5bdbad7402429359776d0b689cd4c4a8da3a8e', '0x41e5728ac81dc9054ad54a6fa502fe1c0e3796d5', 1, 0, '1589779562'),
('0x0574d7f4df4af220c2c6bb1966b6207b4834bf19e4f7702119c767709a7fc9ab', 100, 'UpLevel', '0x4e5bdbad7402429359776d0b689cd4c4a8da3a8e', '', 1, 0, '1589779562'),
('0x05840600e596837e698fdbfdcc17ff59bbec92ba8ba4e3d42b613098e3564fd1', 0, 'Register', '0xec75a1662c70d81804bc0fc55feaa41e2b63f77d', '0xdb262e8a6ae96dec0e968a59109b5c3c3c465666', 1, 0, '1588212122'),
('0x05840600e596837e698fdbfdcc17ff59bbec92ba8ba4e3d42b613098e3564fd1', 1, 'UpLevel', '0xec75a1662c70d81804bc0fc55feaa41e2b63f77d', '', 1, 0, '1588212122'),
('0x05aac94cef6af9899ae6dacfaf4d617b1955233dcd3a4e78da98e5892a024139', 57, 'Register', '0x6b06540713507544cb01c4a96843749f3724d7c7', '0xf2090b98c80c574c687450dd970bdf56a9462699', 1, 0, '1588242361'),
('0x05aac94cef6af9899ae6dacfaf4d617b1955233dcd3a4e78da98e5892a024139', 58, 'UpLevel', '0x6b06540713507544cb01c4a96843749f3724d7c7', '', 1, 0, '1588242361'),
('0x0605bb3d2da0d5a52b1928a1de4f5d5068162634773ec24994d8f0258d894be3', 27, 'Register', '0xe31809d9cff5eef252e89f6d83bd57ddef34cf0c', '0x6524fe4715de59ca694047e3ef966f7b73e43b90', 1, 0, '1588627862'),
('0x0605bb3d2da0d5a52b1928a1de4f5d5068162634773ec24994d8f0258d894be3', 28, 'UpLevel', '0xe31809d9cff5eef252e89f6d83bd57ddef34cf0c', '', 1, 0, '1588627862'),
('0x060dd86c1dc59d6cc1734cac3ac762ee7d5565e71347aaa3d1bb1ec7bfedf5b8', 109, 'Register', '0x18d878dd3442ef1bbf59d16088d995e48625f7e5', '0xe3bca35e61bc32973b33e03da742f64c921e664e', 1, 0, '1588213204'),
('0x060dd86c1dc59d6cc1734cac3ac762ee7d5565e71347aaa3d1bb1ec7bfedf5b8', 110, 'UpLevel', '0x18d878dd3442ef1bbf59d16088d995e48625f7e5', '', 1, 0, '1588213204'),
('0x064d94473119dfbf395afe1c406b7d652f6967730aec2f74efd5f2960f312e14', 9, 'Register', '0x59c5855ccb5886475c6ec1b29bff4099c64055dd', '0xcc73cdbb6e65c748b0a4404347c593b026f09a38', 1, 0, '1588260481'),
('0x064d94473119dfbf395afe1c406b7d652f6967730aec2f74efd5f2960f312e14', 10, 'UpLevel', '0x59c5855ccb5886475c6ec1b29bff4099c64055dd', '', 1, 0, '1588260481'),
('0x06798cface016593b80155b0ac2e0ae6dfa683e6d526b0abf5cd827bb495e4d1', 23, 'Register', '0x6c7e2c4a865ace6f458cde7556537b7098c59052', '0xd8ec157e2fe0fdf9373db00cb80eb62485816dc3', 1, 0, '1588188962'),
('0x06798cface016593b80155b0ac2e0ae6dfa683e6d526b0abf5cd827bb495e4d1', 24, 'UpLevel', '0x6c7e2c4a865ace6f458cde7556537b7098c59052', '', 1, 0, '1588188962'),
('0x069003eda85d0006f57e1dbb707ea32b7d0780809c582a718391a4796cbec6a0', 14, 'Register', '0xfb07d5807a2c1d475a558d44b3308828211f3c6c', '0x50176e06a087beb58832f5de4c1966297868ec95', 1, 0, '1588185184'),
('0x069003eda85d0006f57e1dbb707ea32b7d0780809c582a718391a4796cbec6a0', 15, 'UpLevel', '0xfb07d5807a2c1d475a558d44b3308828211f3c6c', '', 1, 0, '1588185184'),
('0x0717897d839fa3779f2dd9330cd95b0bf13947874e700b2105db85d11a6c27a4', 56, 'Register', '0x94db4a1057ca70d4ebf154288f8fd897e4c4da8c', '0xdf6285a2efdcc24f4cefb260a27c6afb5ad88d52', 1, 0, '1588365121'),
('0x0717897d839fa3779f2dd9330cd95b0bf13947874e700b2105db85d11a6c27a4', 57, 'UpLevel', '0x94db4a1057ca70d4ebf154288f8fd897e4c4da8c', '', 1, 0, '1588365122'),
('0x075c63f63b8a9931b7193375ce522a0a177a2544b7cf77840b704f20cdd8196e', 108, 'Register', '0xfdd0d3a95b2f87b06e80a0ff04a202d5d8376461', '0x431b52b556e33e4ed70b7d3810309cf2460fb1b1', 1, 0, '1589427902'),
('0x075c63f63b8a9931b7193375ce522a0a177a2544b7cf77840b704f20cdd8196e', 109, 'UpLevel', '0xfdd0d3a95b2f87b06e80a0ff04a202d5d8376461', '', 1, 0, '1589427902'),
('0x075c63f63b8a9931b7193375ce522a0a177a2544b7cf77840b704f20cdd8196e', 110, 'UpLevel', '0x431b52b556e33e4ed70b7d3810309cf2460fb1b1', '', 2, 0, '1589427902'),
('0x07e80bf6303a8558b79eef07b7dd36d337511717fb22c2c20c247a1013e003ca', 72, 'Register', '0x308d5e1d4ce4995c457b9ac00edf7508c3d75a88', '0x02394829a6652bc58a1a53f4a7b881a059e4588b', 1, 0, '1588290962'),
('0x07e80bf6303a8558b79eef07b7dd36d337511717fb22c2c20c247a1013e003ca', 73, 'UpLevel', '0x308d5e1d4ce4995c457b9ac00edf7508c3d75a88', '', 1, 0, '1588290962'),
('0x07e80bf6303a8558b79eef07b7dd36d337511717fb22c2c20c247a1013e003ca', 74, 'UpLevel', '0x02394829a6652bc58a1a53f4a7b881a059e4588b', '', 2, 0, '1588290962'),
('0x07f11a943bebf03a13e8706f1cb19cd421ae52373b3513afd244f41033239bbf', 52, 'Register', '0x721eb65d401cfc1c779f83b8ff7c2f23f42d82f4', '0x22d997620b0bc6fb5e46be2020b65dfb6912c39f', 1, 0, '1588858802'),
('0x07f11a943bebf03a13e8706f1cb19cd421ae52373b3513afd244f41033239bbf', 53, 'UpLevel', '0x721eb65d401cfc1c779f83b8ff7c2f23f42d82f4', '', 1, 0, '1588858802'),
('0x080a921e915b90692c0e799071543c0d8e61c23abddf564234fc1c830a7aa97d', 19, 'Register', '0x3210191f2310ed2e86b3d57452bbe12bd161ab96', '0x3d24057d766e1e9cfd8701866a322ba9813b6720', 1, 0, '1588186383'),
('0x080a921e915b90692c0e799071543c0d8e61c23abddf564234fc1c830a7aa97d', 20, 'UpLevel', '0x3210191f2310ed2e86b3d57452bbe12bd161ab96', '', 1, 0, '1588186383'),
('0x082c8ccdb053d1bb1b0f4d81e0b297afad0b847f8b6056d9b0668fc6a683f6d8', 42, 'Register', '0x74c76cd4d8bed3a73a1cd258be4ca53609361a07', '0x873644128ede77f988148603b53b656aa043966f', 1, 0, '1588307341'),
('0x082c8ccdb053d1bb1b0f4d81e0b297afad0b847f8b6056d9b0668fc6a683f6d8', 43, 'UpLevel', '0x74c76cd4d8bed3a73a1cd258be4ca53609361a07', '', 1, 0, '1588307341'),
('0x0830ee1c6c0a3676a8f38015273d5f3f9088271729feceb42116960ac4e5c9e9', 15, 'Register', '0x78863b52afeb4cc1ffee1c9eedf1243f5a42193e', '0x3fd9692b5b0fc6674577e4d0f8ea8590cb53f178', 1, 0, '1589412362'),
('0x0830ee1c6c0a3676a8f38015273d5f3f9088271729feceb42116960ac4e5c9e9', 16, 'UpLevel', '0x78863b52afeb4cc1ffee1c9eedf1243f5a42193e', '', 1, 0, '1589412362'),
('0x0830ee1c6c0a3676a8f38015273d5f3f9088271729feceb42116960ac4e5c9e9', 17, 'UpLevel', '0x3fd9692b5b0fc6674577e4d0f8ea8590cb53f178', '', 2, 0, '1589412362'),
('0x0830ee1c6c0a3676a8f38015273d5f3f9088271729feceb42116960ac4e5c9e9', 18, 'UpLevel', '0xd25b1812d7ee0626cc5436e0b22946b6879360e6', '', 3, 0, '1589412362'),
('0x0830ee1c6c0a3676a8f38015273d5f3f9088271729feceb42116960ac4e5c9e9', 19, 'Profit', '0xe1f87f8b20ce119ce6336d2e876c91fa1ec87120', '0x78863b52afeb4cc1ffee1c9eedf1243f5a42193e', 0, 0.9, '1589412362'),
('0x085f64315991a85ee0b7c752fd01c8296185849b3dbf12f1c4c6a8767cf8d14c', 56, 'Register', '0xb6b755af518a5bed53e868f21560e4e571ffd367', '0xc7997e8ef3f91e27cda6c0fafcc699e4aef00645', 1, 0, '1589424002'),
('0x085f64315991a85ee0b7c752fd01c8296185849b3dbf12f1c4c6a8767cf8d14c', 57, 'UpLevel', '0xb6b755af518a5bed53e868f21560e4e571ffd367', '', 1, 0, '1589424002'),
('0x0865825e15872de3f787d5abf2299fe10194abc8cf1f276b29968eb3f06f4373', 21, 'Register', '0xa4c6f3139b127ad595373c3d6f6843a4cd4a34f0', '0xd399b6f1444ec0107b134959097209b9ef3345a4', 1, 0, '1588210985'),
('0x0865825e15872de3f787d5abf2299fe10194abc8cf1f276b29968eb3f06f4373', 22, 'UpLevel', '0xa4c6f3139b127ad595373c3d6f6843a4cd4a34f0', '', 1, 0, '1588210985'),
('0x087c38f867214aa096cdc252a4c36a3485a28961d06f19ffefcf5cd0abfce8b2', 21, 'Register', '0x182461b83994b9b0f0d91bb8f71a92d028fbaf95', '0x3e9cde6d8ce304f4e8d8061c93eda2831ff5f848', 1, 0, '1588813382'),
('0x087c38f867214aa096cdc252a4c36a3485a28961d06f19ffefcf5cd0abfce8b2', 22, 'UpLevel', '0x182461b83994b9b0f0d91bb8f71a92d028fbaf95', '', 1, 0, '1588813382'),
('0x087fce8e104a8b3140a35ac32e2d0848c887773841c0740ca966e884afd019fd', 36, 'Register', '0x32cc29b4903687a97de35a81159c30e355a06077', '0xf2f3d7f9b00cf48a4bbf5005acd61b01c7ff4a9a', 1, 0, '1589651642'),
('0x087fce8e104a8b3140a35ac32e2d0848c887773841c0740ca966e884afd019fd', 37, 'UpLevel', '0x32cc29b4903687a97de35a81159c30e355a06077', '', 1, 0, '1589651642'),
('0x08966b11a55b61a2d42720ba7ab025b6f88727d0fefa158c32c88860607727a9', 50, 'Register', '0xf1a44882eedcf763d1e9ccd1141e5b63edf3361d', '0xacb3c1c866d9fb6b729277c7d8fe3c99fc3953ae', 1, 0, '1589416802'),
('0x08966b11a55b61a2d42720ba7ab025b6f88727d0fefa158c32c88860607727a9', 51, 'UpLevel', '0xf1a44882eedcf763d1e9ccd1141e5b63edf3361d', '', 1, 0, '1589416802'),
('0x08966b11a55b61a2d42720ba7ab025b6f88727d0fefa158c32c88860607727a9', 52, 'UpLevel', '0xacb3c1c866d9fb6b729277c7d8fe3c99fc3953ae', '', 2, 0, '1589416803'),
('0x089947ef3b9c6b40cbe25381eb3976ba7bb8d568808efd2cebcfa80d19b491c4', 23, 'Register', '0xde415d65c55aaf6c309f35ffdaaac0eb65e4d13d', '0x9b96eb21b9f6286938a696ae80542a888a448fbe', 1, 0, '1588347842'),
('0x089947ef3b9c6b40cbe25381eb3976ba7bb8d568808efd2cebcfa80d19b491c4', 24, 'UpLevel', '0xde415d65c55aaf6c309f35ffdaaac0eb65e4d13d', '', 1, 0, '1588347842'),
('0x08b7dcc29f5472a834bbcabe95a95b4b36bc345ad34029f1622eee7bd9c9c236', 38, 'Register', '0x03a5cfc57fb3786947ce23c1f8244eccb7b0c826', '0x127e3da46ba3698b9a08fedc9d4eabb0a59c7114', 1, 0, '1588290542'),
('0x08b7dcc29f5472a834bbcabe95a95b4b36bc345ad34029f1622eee7bd9c9c236', 39, 'UpLevel', '0x03a5cfc57fb3786947ce23c1f8244eccb7b0c826', '', 1, 0, '1588290542'),
('0x08bbfa70e94f397bdaab5124ade3d3db35117d3cedbf4fb81556e487a664317c', 61, 'Register', '0xcf5437cd3fa4bd412d6bae48557a1d09a8b478e2', '0x0e98c5d7f120569a067195a47edeed7211a4e605', 1, 0, '1588188245'),
('0x08bbfa70e94f397bdaab5124ade3d3db35117d3cedbf4fb81556e487a664317c', 62, 'UpLevel', '0xcf5437cd3fa4bd412d6bae48557a1d09a8b478e2', '', 1, 0, '1588188245'),
('0x08f32de187a061297030f78a412b0d5c5bfeb2bc70fabab3a4b6074044b749fc', 22, 'Register', '0xa28ef65fbe293ec25687a5d7152e3b4b5e8d250b', '0x85dea3dca5b54cbd002d42a8441477e666f387c0', 1, 0, '1588251841'),
('0x08f32de187a061297030f78a412b0d5c5bfeb2bc70fabab3a4b6074044b749fc', 23, 'UpLevel', '0xa28ef65fbe293ec25687a5d7152e3b4b5e8d250b', '', 1, 0, '1588251841'),
('0x08fa80426d7cbbc7bf6e6a09ff659d1b3e5696eff223fef3694c0c8aa1d0140c', 49, 'Register', '0x674b04cc218f84a554b67b00cbbf022dc40256ae', '0xb843dcedfc41d3638900758d03d8202e07385aae', 1, 0, '1588352461'),
('0x08fa80426d7cbbc7bf6e6a09ff659d1b3e5696eff223fef3694c0c8aa1d0140c', 50, 'UpLevel', '0x674b04cc218f84a554b67b00cbbf022dc40256ae', '', 1, 0, '1588352462'),
('0x08fa80426d7cbbc7bf6e6a09ff659d1b3e5696eff223fef3694c0c8aa1d0140c', 116, 'Register', '0x674b04cc218f84a554b67b00cbbf022dc40256ae', '0xb843dcedfc41d3638900758d03d8202e07385aae', 1, 0, '1588352402'),
('0x08fa80426d7cbbc7bf6e6a09ff659d1b3e5696eff223fef3694c0c8aa1d0140c', 117, 'UpLevel', '0x674b04cc218f84a554b67b00cbbf022dc40256ae', '', 1, 0, '1588352402'),
('0x08ffa1601d5ca5a38aeac771fb31f8af35c3e6004c60dbe8abaeb7370219ed0f', 94, 'Register', '0x70ae7d1c7f78138cfb0e6131fe5b59c85fd9ba0c', '0x82e3e7dfc3beaf9438796d982d806d67d1bc5323', 1, 0, '1588197782'),
('0x08ffa1601d5ca5a38aeac771fb31f8af35c3e6004c60dbe8abaeb7370219ed0f', 95, 'UpLevel', '0x70ae7d1c7f78138cfb0e6131fe5b59c85fd9ba0c', '', 1, 0, '1588197782'),
('0x0901d4f83391b85f90aca94ed5e97a2814065f09afb9b8e18bd736e9edfac208', 98, 'Register', '0x5931ae8a6d77cfbc4829857f127cc060df90340e', '0xf0b4452ae77dee04d7b6c741dc908e2884d40ea2', 1, 0, '1588212186'),
('0x0901d4f83391b85f90aca94ed5e97a2814065f09afb9b8e18bd736e9edfac208', 99, 'UpLevel', '0x5931ae8a6d77cfbc4829857f127cc060df90340e', '', 1, 0, '1588212187'),
('0x09022e4dd3ea8923655af5c9677736b52fcce7001d2a14fd11c893385ed15655', 23, 'Register', '0x06d52944806458fd57306f50f14f3775367831f8', '0x62e5265c841158fb3ccab998a42703a5afee646e', 1, 0, '1588354442'),
('0x09022e4dd3ea8923655af5c9677736b52fcce7001d2a14fd11c893385ed15655', 24, 'UpLevel', '0x06d52944806458fd57306f50f14f3775367831f8', '', 1, 0, '1588354442'),
('0x09022e4dd3ea8923655af5c9677736b52fcce7001d2a14fd11c893385ed15655', 25, 'UpLevel', '0x62e5265c841158fb3ccab998a42703a5afee646e', '', 2, 0, '1588354443'),
('0x0908f8bc449d0ccddb730ba49bedfd48677b46d39844f95b0d47c77627c28bcd', 18, 'Register', '0x92ef8bea14ecac75e68442ec1f2e6eaa3e498fc8', '0xe45032953f38ed0d80f787e5dc41a8415d98f2eb', 1, 0, '1588290243'),
('0x0908f8bc449d0ccddb730ba49bedfd48677b46d39844f95b0d47c77627c28bcd', 19, 'UpLevel', '0x92ef8bea14ecac75e68442ec1f2e6eaa3e498fc8', '', 1, 0, '1588290243'),
('0x09092831ff17efaeed3343243035440ddca95326956bd38d6ffbc99092a70a97', 37, 'Register', '0x0dce97da168d7775190c31da5ab9dbcc228f42eb', '0xd00de83f947be6b9853ae2eb797053d83545ca10', 1, 0, '1588192503'),
('0x09092831ff17efaeed3343243035440ddca95326956bd38d6ffbc99092a70a97', 38, 'UpLevel', '0x0dce97da168d7775190c31da5ab9dbcc228f42eb', '', 1, 0, '1588192503'),
('0x09092831ff17efaeed3343243035440ddca95326956bd38d6ffbc99092a70a97', 39, 'UpLevel', '0xd00de83f947be6b9853ae2eb797053d83545ca10', '', 2, 0, '1588192503'),
('0x090c5310b18ee9673da12ae01024e02ceadb9891106e92196ed5d386f5b25322', 74, 'Register', '0x9dddebccf0130910b594505ff598fcca7a5a7a86', '0xa6e57a941e45337c59db9e69dbd8068ed2a9070b', 1, 0, '1588212785'),
('0x090c5310b18ee9673da12ae01024e02ceadb9891106e92196ed5d386f5b25322', 75, 'UpLevel', '0x9dddebccf0130910b594505ff598fcca7a5a7a86', '', 1, 0, '1588212785'),
('0x090c5310b18ee9673da12ae01024e02ceadb9891106e92196ed5d386f5b25322', 76, 'UpLevel', '0xa6e57a941e45337c59db9e69dbd8068ed2a9070b', '', 2, 0, '1588212785'),
('0x09139bbb43c077eae0adb9f29a6eeb448b5e3c80d9657ae44eaa46e3d08ea0bf', 61, 'Register', '0x0197dd9a8f4a856c886158c3b2cec13e4e6f273b', '0x53cd219eca187dfa75be6d477eae48e193dfb183', 1, 0, '1589417403'),
('0x09139bbb43c077eae0adb9f29a6eeb448b5e3c80d9657ae44eaa46e3d08ea0bf', 62, 'UpLevel', '0x0197dd9a8f4a856c886158c3b2cec13e4e6f273b', '', 1, 0, '1589417403'),
('0x094c2479412d8a62a4590724616fddeca01239a99b398ae55fa6a7f28678c465', 25, 'Register', '0x04c503db413fcb1b15ea2ebf3d1664b4fb3321a5', '0xf1404050cb1ea11a96fda8fc9eceba34e41a3a1d', 1, 0, '1589439602'),
('0x094c2479412d8a62a4590724616fddeca01239a99b398ae55fa6a7f28678c465', 26, 'UpLevel', '0x04c503db413fcb1b15ea2ebf3d1664b4fb3321a5', '', 1, 0, '1589439602'),
('0x09dec26dd8880a22f522eccac7ff805c3149999cba6001f3694f2d368096fab6', 46, 'Register', '0x22e285a068ee2f273487285529acf317c018d447', '0xc61db1748236e95147e21f424e35af9e48ba07dd', 1, 0, '1588185845'),
('0x09dec26dd8880a22f522eccac7ff805c3149999cba6001f3694f2d368096fab6', 47, 'UpLevel', '0x22e285a068ee2f273487285529acf317c018d447', '', 1, 0, '1588185846'),
('0x09dec26dd8880a22f522eccac7ff805c3149999cba6001f3694f2d368096fab6', 48, 'UpLevel', '0xc61db1748236e95147e21f424e35af9e48ba07dd', '', 2, 0, '1588185846'),
('0x09ed4d5760ed64bb20c0295cca47932052d6f80b4ca18cb572ee7ddd9aa4b152', 61, 'Register', '0xc33b1851cbc175a4e5bbdebc31b7b6a86ca47fbc', '0x9eaa83d3762c58fd073bad4b4d42b90ec284a3bf', 1, 0, '1588212782'),
('0x09ed4d5760ed64bb20c0295cca47932052d6f80b4ca18cb572ee7ddd9aa4b152', 62, 'UpLevel', '0xc33b1851cbc175a4e5bbdebc31b7b6a86ca47fbc', '', 1, 0, '1588212782'),
('0x09ed4d5760ed64bb20c0295cca47932052d6f80b4ca18cb572ee7ddd9aa4b152', 63, 'UpLevel', '0x9eaa83d3762c58fd073bad4b4d42b90ec284a3bf', '', 2, 0, '1588212783'),
('0x0a350f9d6d0251b4f017c137bb47dd66d2d690eefcc1fc9858468cf8cc45ccb1', 14, 'Register', '0xc8ba2db40c74883e7a81a529ea0ce304e61b1bc9', '0x9ad90fe70c317868531b4252ad8a793052e8ac09', 1, 0, '1588364461'),
('0x0a350f9d6d0251b4f017c137bb47dd66d2d690eefcc1fc9858468cf8cc45ccb1', 15, 'UpLevel', '0xc8ba2db40c74883e7a81a529ea0ce304e61b1bc9', '', 1, 0, '1588364462'),
('0x0a5092a09aa984c87358981461e04c8539203e6661321012c1187410cfb57b80', 18, 'Register', '0xb843dcedfc41d3638900758d03d8202e07385aae', '0x309e4cdb62c1fb4ae9f9ecc7e11a6aa2bbbac552', 1, 0, '1588193702'),
('0x0a5092a09aa984c87358981461e04c8539203e6661321012c1187410cfb57b80', 19, 'UpLevel', '0xb843dcedfc41d3638900758d03d8202e07385aae', '', 1, 0, '1588193703'),
('0x0a61d5f42020465c76d429ce9b57ba49fcb9642146efde59971a41f8ef34f64d', 11, 'Register', '0xab78c07c7ee5b34a7269eef2d3b76ab922b7fdc8', '0x7a29c31ea5384f669a8276408eef408f90d97184', 1, 0, '1588214823'),
('0x0a61d5f42020465c76d429ce9b57ba49fcb9642146efde59971a41f8ef34f64d', 12, 'UpLevel', '0xab78c07c7ee5b34a7269eef2d3b76ab922b7fdc8', '', 1, 0, '1588214823'),
('0x0a8933fc42ed8a1c0515ad1b48c285e5707a7457591893b78bbd225336d60705', 82, 'Register', '0x52e392fbb943dd20a8ecc6edae2ace4d0784ffc2', '0xa0fb90a4634892038624169ced2049612ed14d98', 1, 0, '1588185304'),
('0x0a8933fc42ed8a1c0515ad1b48c285e5707a7457591893b78bbd225336d60705', 83, 'UpLevel', '0x52e392fbb943dd20a8ecc6edae2ace4d0784ffc2', '', 1, 0, '1588185304'),
('0x0a9195583da344e50b4aea5f29d4b72fb1321904dba3970f91d0ce6c5389f528', 60, 'Register', '0x0829bbb96a481739a3c341217fe40eed7fdaf9b8', '0xf0b4452ae77dee04d7b6c741dc908e2884d40ea2', 1, 0, '1588212194'),
('0x0a9195583da344e50b4aea5f29d4b72fb1321904dba3970f91d0ce6c5389f528', 61, 'UpLevel', '0x0829bbb96a481739a3c341217fe40eed7fdaf9b8', '', 1, 0, '1588212194'),
('0x0a9530dd1f416777187a2c3887387f589673e62892bd45fe17970d2be0b4f9e7', 38, 'Register', '0x41b9421c5536dc4522f473ca26c50aac9c900ff4', '0xd3e3621d6a5fbd28ffac1bb0717d4d279fa4ede9', 1, 0, '1588379642'),
('0x0a9530dd1f416777187a2c3887387f589673e62892bd45fe17970d2be0b4f9e7', 39, 'UpLevel', '0x41b9421c5536dc4522f473ca26c50aac9c900ff4', '', 1, 0, '1588379642'),
('0x0a9530dd1f416777187a2c3887387f589673e62892bd45fe17970d2be0b4f9e7', 40, 'UpLevel', '0xd3e3621d6a5fbd28ffac1bb0717d4d279fa4ede9', '', 2, 0, '1588379643'),
('0x0a9530dd1f416777187a2c3887387f589673e62892bd45fe17970d2be0b4f9e7', 41, 'UpLevel', '0xfbe8db728afa91fd5aa226803b3fbd029e160b6a', '', 3, 0, '1588379643'),
('0x0a9530dd1f416777187a2c3887387f589673e62892bd45fe17970d2be0b4f9e7', 42, 'Profit', '0x0636522a37fb348f22610f24e873eade73a02abc', '0x41b9421c5536dc4522f473ca26c50aac9c900ff4', 0, 0.9, '1588379643'),
('0x0aa3e3064d5aa86cd956b741086bdc2c8fb3b0b4d13c48e752e5a82e1fe08bfb', 41, 'Register', '0x8963141b0528b88633aa1b4a0a6d954e5a11226e', '0x2de63192ee103d50d98bec474dc91b5f18c039b4', 1, 0, '1589182681'),
('0x0aa3e3064d5aa86cd956b741086bdc2c8fb3b0b4d13c48e752e5a82e1fe08bfb', 42, 'UpLevel', '0x8963141b0528b88633aa1b4a0a6d954e5a11226e', '', 1, 0, '1589182682'),
('0x0aa3e3064d5aa86cd956b741086bdc2c8fb3b0b4d13c48e752e5a82e1fe08bfb', 43, 'UpLevel', '0x2de63192ee103d50d98bec474dc91b5f18c039b4', '', 2, 0, '1589182682'),
('0x0aa73e2a29e4e9090d65a410c3d00bd239f4e16c6fb067fa341289311c608803', 16, 'Register', '0xd29efb4b754e8c9f032be70b30afacf30c0ac500', '0xe9e73f30fea6ff0428ccfa1536433fecd99061da', 1, 0, '1588210505'),
('0x0aa73e2a29e4e9090d65a410c3d00bd239f4e16c6fb067fa341289311c608803', 17, 'UpLevel', '0xd29efb4b754e8c9f032be70b30afacf30c0ac500', '', 1, 0, '1588210505'),
('0x0aae8f008707c95f1956d89abd753c648f9e78821289f9a32d55ef35a6c3fe09', 30, 'Register', '0x6e36f0159443e74f61ee95edaf85227a2cfc338c', '0x093b38184c9fe3636bbc318f72da29179baad260', 1, 0, '1588875961'),
('0x0aae8f008707c95f1956d89abd753c648f9e78821289f9a32d55ef35a6c3fe09', 31, 'UpLevel', '0x6e36f0159443e74f61ee95edaf85227a2cfc338c', '', 1, 0, '1588875962'),
('0x0ac1e5842acc58f11e782fd26b8bd9f34d67801868d2324506a6cdbde94276b1', 98, 'Register', '0x2fc32efd0a790af46161f132dc6793b2793fdac4', '0x4b3f61d34f61f5fb2aa658ec93b96a3ced249db1', 1, 0, '1588205402'),
('0x0ac1e5842acc58f11e782fd26b8bd9f34d67801868d2324506a6cdbde94276b1', 99, 'UpLevel', '0x2fc32efd0a790af46161f132dc6793b2793fdac4', '', 1, 0, '1588205402'),
('0x0aded4e4aff1b5d56c1c333af6cf7dce9b64cf7084f7a5ff3faee2f0146eebfa', 35, 'Register', '0xeb22ba719723e282d199c9e0880f9a47c0c59c72', '0x5a463abfd4d88ee798369fee40f1c6bd9e6ee55d', 1, 0, '1588186024'),
('0x0aded4e4aff1b5d56c1c333af6cf7dce9b64cf7084f7a5ff3faee2f0146eebfa', 36, 'UpLevel', '0xeb22ba719723e282d199c9e0880f9a47c0c59c72', '', 1, 0, '1588186024'),
('0x0aec12127f098e784b1597ab573c68558bda8c4add4cfd97b153fdbe5ca36b67', 101, 'Register', '0x5e44a18d022d8d087f885b91a4f80aab69ba246d', '0x76b674904f6f3a73b5773f3f505d74486efbc3ba', 1, 0, '1589041922'),
('0x0aec12127f098e784b1597ab573c68558bda8c4add4cfd97b153fdbe5ca36b67', 102, 'UpLevel', '0x5e44a18d022d8d087f885b91a4f80aab69ba246d', '', 1, 0, '1589041922'),
('0x0b23d9705455631c6055450c32ffa4d1df6b924ecd247de12176149858f529fc', 19, 'Register', '0x199661f0fab35ec50e9aa08372f1c6a0587a2313', '0x5930eddd60a1b0b39f70991dae390daab6a6a1a4', 1, 0, '1588212196'),
('0x0b23d9705455631c6055450c32ffa4d1df6b924ecd247de12176149858f529fc', 20, 'UpLevel', '0x199661f0fab35ec50e9aa08372f1c6a0587a2313', '', 1, 0, '1588212197'),
('0x0b3d8ee88b52f036fa9aad258222b8932a51986b5f521a6116b1031e3b1a4b6e', 44, 'Register', '0x64290a5925b9ad3cd281d54185374dd97d149eff', '0x1fb1f247373efdb76b259e306d736ec7e29232b2', 1, 0, '1589417102'),
('0x0b3d8ee88b52f036fa9aad258222b8932a51986b5f521a6116b1031e3b1a4b6e', 45, 'UpLevel', '0x64290a5925b9ad3cd281d54185374dd97d149eff', '', 1, 0, '1589417102');
INSERT INTO `sk_events` (`tx`, `index`, `type`, `user`, `ref`, `level`, `value`, `time`) VALUES
('0x0b65ab5217c493e9578d68dd340686f6cb5976830204ae59ad2d179b2dbba320', 87, 'Register', '0x5321f4ef208e90bb20e76ad8e4ad246ab7bf5611', '0xaf4491bb82c7f549847e7e2cfdaf18b495fd5808', 1, 0, '1588188182'),
('0x0b65ab5217c493e9578d68dd340686f6cb5976830204ae59ad2d179b2dbba320', 88, 'UpLevel', '0x5321f4ef208e90bb20e76ad8e4ad246ab7bf5611', '', 1, 0, '1588188182'),
('0x0b65ab5217c493e9578d68dd340686f6cb5976830204ae59ad2d179b2dbba320', 89, 'UpLevel', '0xaf4491bb82c7f549847e7e2cfdaf18b495fd5808', '', 2, 0, '1588188182'),
('0x0b6c5d0d01fb9121480df527d8a6ae83a35a8dca209c14d39cb4bda8a2a0a165', 74, 'Register', '0x3fd9692b5b0fc6674577e4d0f8ea8590cb53f178', '0xd25b1812d7ee0626cc5436e0b22946b6879360e6', 1, 0, '1588212184'),
('0x0b6c5d0d01fb9121480df527d8a6ae83a35a8dca209c14d39cb4bda8a2a0a165', 75, 'UpLevel', '0x3fd9692b5b0fc6674577e4d0f8ea8590cb53f178', '', 1, 0, '1588212184'),
('0x0b6c5d0d01fb9121480df527d8a6ae83a35a8dca209c14d39cb4bda8a2a0a165', 76, 'UpLevel', '0xd25b1812d7ee0626cc5436e0b22946b6879360e6', '', 2, 0, '1588212184'),
('0x0b8c2096a52bcd8a6901bf2f599607fd69480738492959c8486a50a333a50b36', 13, 'Register', '0xb825bfdef7b51f78cb5cd18bdb4de0bcabb38fcb', '0xb75336de21ec3903bdb540d42f0c290a3a64e863', 1, 0, '1589064962'),
('0x0b8c2096a52bcd8a6901bf2f599607fd69480738492959c8486a50a333a50b36', 14, 'UpLevel', '0xb825bfdef7b51f78cb5cd18bdb4de0bcabb38fcb', '', 1, 0, '1589064962'),
('0x0bc12b35f44ec67c9d537d9aa6b0115eca14a66bf4cfb48be412bc9d711243c6', 47, 'Register', '0xe149162f0106bb46a61b58df673613c2d703f88f', '0x5a463abfd4d88ee798369fee40f1c6bd9e6ee55d', 1, 0, '1588186023'),
('0x0bc12b35f44ec67c9d537d9aa6b0115eca14a66bf4cfb48be412bc9d711243c6', 48, 'UpLevel', '0xe149162f0106bb46a61b58df673613c2d703f88f', '', 1, 0, '1588186023'),
('0x0be56358a16dadb56517f8dd12f89387544ac1f22c5d59024b11bb8cb7e10e45', 14, 'Register', '0x09200e998aace5d730ec00d7786ddce964cd59e7', '0x5b3dc6f667dfe8b5a56b48b3d39e2c7a87b6edf3', 1, 0, '1588629061'),
('0x0be56358a16dadb56517f8dd12f89387544ac1f22c5d59024b11bb8cb7e10e45', 15, 'UpLevel', '0x09200e998aace5d730ec00d7786ddce964cd59e7', '', 1, 0, '1588629062'),
('0x0bec7fcebf5d5e5b0575d52b83b8a7c8aa9d71fe04a40d990454117be4fcd333', 98, 'Register', '0x3ce82cc8e20120c4e9399d19c2f375d9d40ab4ad', '0x9b01b18a7a3c68388d8455e609ecc38555b27bf2', 1, 0, '1588212787'),
('0x0bec7fcebf5d5e5b0575d52b83b8a7c8aa9d71fe04a40d990454117be4fcd333', 99, 'UpLevel', '0x3ce82cc8e20120c4e9399d19c2f375d9d40ab4ad', '', 1, 0, '1588212788'),
('0x0bef11f210b2e1102bb70188092109add1b6e405186618903717613a9c0e8995', 103, 'Register', '0xd5dc4d492c41db0e985564392beb55a50c52e2d7', '0x47a5e862bd713bbbbad18df2a563f70d3b024a62', 1, 0, '1588210684'),
('0x0bef11f210b2e1102bb70188092109add1b6e405186618903717613a9c0e8995', 104, 'UpLevel', '0xd5dc4d492c41db0e985564392beb55a50c52e2d7', '', 1, 0, '1588210684'),
('0x0bf2eafefc36a86c113ecfad77404e0590beddfdadcf0805b67d9376bc384b0f', 1, 'Register', '0x5e7efa8adf8c10bc7cae53be2879d3b72f00dc15', '0x60f4571279252012fe9ec7b222f5f62d9eed538c', 1, 0, '1588210805'),
('0x0bf2eafefc36a86c113ecfad77404e0590beddfdadcf0805b67d9376bc384b0f', 2, 'UpLevel', '0x5e7efa8adf8c10bc7cae53be2879d3b72f00dc15', '', 1, 0, '1588210805'),
('0x0bf2eafefc36a86c113ecfad77404e0590beddfdadcf0805b67d9376bc384b0f', 3, 'UpLevel', '0x60f4571279252012fe9ec7b222f5f62d9eed538c', '', 2, 0, '1588210805'),
('0x0bfe3178195fbd19e89c0ab06392b3c5ac5a5a02736b603a093e3b564a909ce5', 54, 'Register', '0xab6e4eed43423cfe578a99bdb368bcdfc5da45e6', '0x5423306af213306ad285e8aa0f23769df8053a01', 1, 0, '1588553882'),
('0x0bfe3178195fbd19e89c0ab06392b3c5ac5a5a02736b603a093e3b564a909ce5', 55, 'UpLevel', '0xab6e4eed43423cfe578a99bdb368bcdfc5da45e6', '', 1, 0, '1588553882'),
('0x0bfe3178195fbd19e89c0ab06392b3c5ac5a5a02736b603a093e3b564a909ce5', 56, 'UpLevel', '0x5423306af213306ad285e8aa0f23769df8053a01', '', 2, 0, '1588553882'),
('0x0c0d451bbd919fc80c66fc8401f375a374b334e7caa279f5dadcb835bcf76aa1', 67, 'Register', '0x024aeb0c72f9939ca4da2e53e980be8f199a1882', '0x35533a24622ca56353d81441f697ae92fb0f822a', 1, 0, '1588187642'),
('0x0c0d451bbd919fc80c66fc8401f375a374b334e7caa279f5dadcb835bcf76aa1', 68, 'UpLevel', '0x024aeb0c72f9939ca4da2e53e980be8f199a1882', '', 1, 0, '1588187642'),
('0x0c36ea2c22f682cd28bc17d3945ba7d8476ac4ba2b4434552c179e24851e61de', 53, 'Register', '0x3649703b19585549f5884e71e5d9f7e528894f0c', '0xd714630ac3ff3e7578deeb3818beec90cd6a9af0', 1, 0, '1588615022'),
('0x0c36ea2c22f682cd28bc17d3945ba7d8476ac4ba2b4434552c179e24851e61de', 54, 'UpLevel', '0x3649703b19585549f5884e71e5d9f7e528894f0c', '', 1, 0, '1588615022'),
('0x0c37c7b121387fcdd750003d12039501462cbeabae92db92374e69d961804120', 97, 'Register', '0xaf34511413ec91e89827893516780dbeca4dfa74', '0xfb8896c264f25695a68aaec7ea366a49c6a376c6', 1, 0, '1589030281'),
('0x0c37c7b121387fcdd750003d12039501462cbeabae92db92374e69d961804120', 98, 'UpLevel', '0xaf34511413ec91e89827893516780dbeca4dfa74', '', 1, 0, '1589030281'),
('0x0c64e2d5c5120130fceabd530936ef44eb7bc1c1083c90fb9c845b33b7fdd905', 104, 'Register', '0x915c517cb57fab7c532262cb9f109c875bed7d18', '0x76b3ee4035db64ea6318ecf0783cbce73426512e', 1, 0, '1588181649'),
('0x0c64e2d5c5120130fceabd530936ef44eb7bc1c1083c90fb9c845b33b7fdd905', 105, 'UpLevel', '0x915c517cb57fab7c532262cb9f109c875bed7d18', '', 1, 0, '1588181650'),
('0x0c64e2d5c5120130fceabd530936ef44eb7bc1c1083c90fb9c845b33b7fdd905', 106, 'UpLevel', '0x76b3ee4035db64ea6318ecf0783cbce73426512e', '', 2, 0, '1588181650'),
('0x0c64e2d5c5120130fceabd530936ef44eb7bc1c1083c90fb9c845b33b7fdd905', 107, 'UpLevel', '0xd060d8a37e0111cff1d5941cf206a778f8c96494', '', 3, 0, '1588181650'),
('0x0c8f894538e5e6528379655255466db5d34745c76f0525e62a8e42d0a1111074', 146, 'Register', '0x8fb8afc1d4bee9d31580459de38664e0466f02d1', '0x731fa3d374bf996f70e416da0d27775f9297644c', 1, 0, '1588244521'),
('0x0c8f894538e5e6528379655255466db5d34745c76f0525e62a8e42d0a1111074', 147, 'UpLevel', '0x8fb8afc1d4bee9d31580459de38664e0466f02d1', '', 1, 0, '1588244521'),
('0x0c8f894538e5e6528379655255466db5d34745c76f0525e62a8e42d0a1111074', 148, 'UpLevel', '0x731fa3d374bf996f70e416da0d27775f9297644c', '', 2, 0, '1588244522'),
('0x0c8f894538e5e6528379655255466db5d34745c76f0525e62a8e42d0a1111074', 149, 'UpLevel', '0xa5fe9a71629089ad25139b7bdd6bb9dd4189faed', '', 3, 0, '1588244522'),
('0x0c8f894538e5e6528379655255466db5d34745c76f0525e62a8e42d0a1111074', 150, 'UpLevel', '0x0aa007bc2baac69517adf6b8fbbdb7c87ac38e28', '', 4, 0, '1588244522'),
('0x0c8f894538e5e6528379655255466db5d34745c76f0525e62a8e42d0a1111074', 151, 'Profit', '0x7c2e4d12a2bcd8bf4c0a423d5d683d37204da89a', '0x8fb8afc1d4bee9d31580459de38664e0466f02d1', 0, 1.8, '1588244522'),
('0x0c9684ac84e0b99d608bde2c6aa6f14f93db27808505bd1ad265fdb97627b08f', 45, 'Register', '0x16bfac6b75a83b1864821edd51fecfc93b228ab7', '0x614c5773361bd67c76fce4583b338c1a954f4116', 1, 0, '1588217162'),
('0x0c9684ac84e0b99d608bde2c6aa6f14f93db27808505bd1ad265fdb97627b08f', 46, 'UpLevel', '0x16bfac6b75a83b1864821edd51fecfc93b228ab7', '', 1, 0, '1588217162'),
('0x0c9684ac84e0b99d608bde2c6aa6f14f93db27808505bd1ad265fdb97627b08f', 47, 'UpLevel', '0x614c5773361bd67c76fce4583b338c1a954f4116', '', 2, 0, '1588217162'),
('0x0c9684ac84e0b99d608bde2c6aa6f14f93db27808505bd1ad265fdb97627b08f', 48, 'UpLevel', '0xc1f89fa756238e13e7a210be925b2bce0cb7bac1', '', 3, 0, '1588217162'),
('0x0c9684ac84e0b99d608bde2c6aa6f14f93db27808505bd1ad265fdb97627b08f', 49, 'UpLevel', '0x0e83eafaf443b333020dd936661587b7eebb22ad', '', 4, 0, '1588217162'),
('0x0c9684ac84e0b99d608bde2c6aa6f14f93db27808505bd1ad265fdb97627b08f', 50, 'Profit', '0x23ef3869e994368a018491593d1103020e8d896e', '0x16bfac6b75a83b1864821edd51fecfc93b228ab7', 0, 1.8, '1588217163'),
('0x0ca05393f4a8ac12f095848bf32224cd52e696f4cd553fb9bb05eff5e32a5705', 52, 'Register', '0x5f797f4d31e76a8d3d2cbefcfb58ce8be209d4db', '0x0c084ab15abcec78ea950b5e7b2710bb0d5ee303', 1, 0, '1588281722'),
('0x0ca05393f4a8ac12f095848bf32224cd52e696f4cd553fb9bb05eff5e32a5705', 53, 'UpLevel', '0x5f797f4d31e76a8d3d2cbefcfb58ce8be209d4db', '', 1, 0, '1588281722'),
('0x0ca05393f4a8ac12f095848bf32224cd52e696f4cd553fb9bb05eff5e32a5705', 54, 'UpLevel', '0x0c084ab15abcec78ea950b5e7b2710bb0d5ee303', '', 2, 0, '1588281722'),
('0x0ca05393f4a8ac12f095848bf32224cd52e696f4cd553fb9bb05eff5e32a5705', 55, 'UpLevel', '0x52e392fbb943dd20a8ecc6edae2ace4d0784ffc2', '', 3, 0, '1588281722'),
('0x0ca05393f4a8ac12f095848bf32224cd52e696f4cd553fb9bb05eff5e32a5705', 56, 'Profit', '0xa0fb90a4634892038624169ced2049612ed14d98', '0x5f797f4d31e76a8d3d2cbefcfb58ce8be209d4db', 0, 0.9, '1588281722'),
('0x0ca30f83fa5a425087a6dc2551dadae72bb0431a04a345b3b2ebf0fdcea76e87', 48, 'Register', '0xce756f0e766244df62bb075e1ac189c770e4445d', '0xf066e4ad28e119ece040b08736c0d173995cc167', 1, 0, '1588186983'),
('0x0ca30f83fa5a425087a6dc2551dadae72bb0431a04a345b3b2ebf0fdcea76e87', 49, 'UpLevel', '0xce756f0e766244df62bb075e1ac189c770e4445d', '', 1, 0, '1588186983'),
('0x0cdf90f070b618aabbcc9e8fa03cd1f73b83d99649ab1c2bc4bb7fcd2fcc11e7', 6, 'Register', '0x33d04e8030f4658478d5dbdfbe521fb235b1d07a', '0x003c4c5eaa288977638f97c839962abba35ff668', 1, 0, '1589629381'),
('0x0cdf90f070b618aabbcc9e8fa03cd1f73b83d99649ab1c2bc4bb7fcd2fcc11e7', 7, 'UpLevel', '0x33d04e8030f4658478d5dbdfbe521fb235b1d07a', '', 1, 0, '1589629381'),
('0x0cdf90f070b618aabbcc9e8fa03cd1f73b83d99649ab1c2bc4bb7fcd2fcc11e7', 8, 'UpLevel', '0x003c4c5eaa288977638f97c839962abba35ff668', '', 2, 0, '1589629382'),
('0x0d02a75db20a9ef435822f5ec4714a9b5f21e3b5f23541f9a648df8ead19facf', 107, 'Register', '0x63c4a932c393df63799c37e50b50bbd3b4e3bcca', '0x0fda3d2970aab9f1d4e724a8868708af59472535', 1, 0, '1588256702'),
('0x0d02a75db20a9ef435822f5ec4714a9b5f21e3b5f23541f9a648df8ead19facf', 108, 'UpLevel', '0x63c4a932c393df63799c37e50b50bbd3b4e3bcca', '', 1, 0, '1588256702'),
('0x0d5aab4bca65df13604fd363f8aaa2b209d27c38989035d9167e87f115cdfee8', 26, 'Register', '0x8a1ae40afacd25e1bf75f740f89405d4f4556866', '0x1985be20a9757de2bcf8f7e3287c9853de4bf592', 1, 0, '1588262222'),
('0x0d5aab4bca65df13604fd363f8aaa2b209d27c38989035d9167e87f115cdfee8', 27, 'UpLevel', '0x8a1ae40afacd25e1bf75f740f89405d4f4556866', '', 1, 0, '1588262222'),
('0x0d657f02e2502b1ec2d70e52a956b1ed68d5d40f2a9289145d0c7a045361b477', 44, 'Register', '0x6b1cbf071c07498e59facfd9c95de093423fc38a', '0x94b793b79ea9c74f19f9bd49d0a6c51c95571c44', 1, 0, '1588210622'),
('0x0d657f02e2502b1ec2d70e52a956b1ed68d5d40f2a9289145d0c7a045361b477', 45, 'UpLevel', '0x6b1cbf071c07498e59facfd9c95de093423fc38a', '', 1, 0, '1588210622'),
('0x0d81506c2a9a067f8d183ae36585a8f8788303ce9bcd5ee980eeb35dcfa0da96', 38, 'Register', '0xd389b6b38cb01c5bbe97a43c6aae13d8edd4fb65', '0x59fa988b0d881d44b553a4c93b515022bf6da2bf', 1, 0, '1588185123'),
('0x0d81506c2a9a067f8d183ae36585a8f8788303ce9bcd5ee980eeb35dcfa0da96', 39, 'UpLevel', '0xd389b6b38cb01c5bbe97a43c6aae13d8edd4fb65', '', 1, 0, '1588185123'),
('0x0d81506c2a9a067f8d183ae36585a8f8788303ce9bcd5ee980eeb35dcfa0da96', 40, 'UpLevel', '0x59fa988b0d881d44b553a4c93b515022bf6da2bf', '', 2, 0, '1588185123'),
('0x0d81ce948225b03be8907ec4e6cb507ef15a3d454d1b9cdc33b66fe0eda5bc27', 15, 'Register', '0x43c4f646baf0b3a929ec47f9dd749bc1ead3e754', '0x5b3dc6f667dfe8b5a56b48b3d39e2c7a87b6edf3', 1, 0, '1588629962'),
('0x0d81ce948225b03be8907ec4e6cb507ef15a3d454d1b9cdc33b66fe0eda5bc27', 16, 'UpLevel', '0x43c4f646baf0b3a929ec47f9dd749bc1ead3e754', '', 1, 0, '1588629962'),
('0x0d81ce948225b03be8907ec4e6cb507ef15a3d454d1b9cdc33b66fe0eda5bc27', 17, 'UpLevel', '0x5b3dc6f667dfe8b5a56b48b3d39e2c7a87b6edf3', '', 2, 0, '1588629962'),
('0x0d81ce948225b03be8907ec4e6cb507ef15a3d454d1b9cdc33b66fe0eda5bc27', 18, 'UpLevel', '0x38bc97853dc51fd11fea70bbaa2af42e1e5f5a3c', '', 3, 0, '1588629962'),
('0x0d84b4ddea29e3ae86fe7860967e52d3ca6ffac893dfb6c5594d4eca45b00e6d', 22, 'Register', '0x7198e8c9afad115a9c5d871dcfbb8f7c198f54ec', '0xec9596fea77dea045cdead972f051bde46f577d6', 1, 0, '1589412422'),
('0x0d84b4ddea29e3ae86fe7860967e52d3ca6ffac893dfb6c5594d4eca45b00e6d', 23, 'UpLevel', '0x7198e8c9afad115a9c5d871dcfbb8f7c198f54ec', '', 1, 0, '1589412422'),
('0x0d92cdf59350f7b44ff4d98a2a0d4d4ea9cd79cf46c2319998dcfa290468e1e7', 93, 'Register', '0xe08cc562e3079f84f3439714d676892b290eb333', '0xbb8f21efe4c1a3e118237e1e5d863bc84d22bd65', 1, 0, '1588186563'),
('0x0d92cdf59350f7b44ff4d98a2a0d4d4ea9cd79cf46c2319998dcfa290468e1e7', 94, 'UpLevel', '0xe08cc562e3079f84f3439714d676892b290eb333', '', 1, 0, '1588186563'),
('0x0d92cdf59350f7b44ff4d98a2a0d4d4ea9cd79cf46c2319998dcfa290468e1e7', 95, 'UpLevel', '0xbb8f21efe4c1a3e118237e1e5d863bc84d22bd65', '', 2, 0, '1588186563'),
('0x0da81c06cbdbe5d8834b870f5d4246cb37fe59f3a626e1843c8caa0fde84f64b', 112, 'Register', '0xa8af3e2896e9b145e379da20d16ab1e26cfcaf7d', '0x0be2fd2eb41cf615574114dea56bf95d74cbe4ef', 1, 0, '1588274942'),
('0x0da81c06cbdbe5d8834b870f5d4246cb37fe59f3a626e1843c8caa0fde84f64b', 113, 'UpLevel', '0xa8af3e2896e9b145e379da20d16ab1e26cfcaf7d', '', 1, 0, '1588274942'),
('0x0dd8e98866aca8478af2883b56c28c6fa3c626f7e69483a10cc6a8ce8def4e4b', 53, 'Register', '0xfcb87f5de4ab68148c675678b6f00727328af73e', '0x4328fa09161af8d8bcf6bb6a9992f733fbf74a07', 1, 0, '1589027162'),
('0x0dd8e98866aca8478af2883b56c28c6fa3c626f7e69483a10cc6a8ce8def4e4b', 54, 'UpLevel', '0xfcb87f5de4ab68148c675678b6f00727328af73e', '', 1, 0, '1589027162'),
('0x0df4d21f7f8794500bffba5edae2edc0dec5f4c44d159b907f508b04cda49db9', 140, 'Register', '0x0782044b86a40998ca936db1af5733b685d8aad4', '0x6a6572f956fab008e2d0d2cf44205d383d38e2ba', 1, 0, '1588247762'),
('0x0df4d21f7f8794500bffba5edae2edc0dec5f4c44d159b907f508b04cda49db9', 141, 'UpLevel', '0x0782044b86a40998ca936db1af5733b685d8aad4', '', 1, 0, '1588247762'),
('0x0df4d21f7f8794500bffba5edae2edc0dec5f4c44d159b907f508b04cda49db9', 142, 'UpLevel', '0x6a6572f956fab008e2d0d2cf44205d383d38e2ba', '', 2, 0, '1588247762'),
('0x0dfa67b94cf35f683fd3d8a0e662fb98399744a2e9b9bb8565c68e4cfe1d0bc2', 19, 'Register', '0xd06281e474299426a8ef97651e5965520342e3a2', '0x2575c50cae210fe844a443512c2bbface88ea432', 1, 0, '1588265882'),
('0x0dfa67b94cf35f683fd3d8a0e662fb98399744a2e9b9bb8565c68e4cfe1d0bc2', 20, 'UpLevel', '0xd06281e474299426a8ef97651e5965520342e3a2', '', 1, 0, '1588265882'),
('0x0dfc084f3094c750421f778466881e4789e32478c972f4affae054a0bfc975ff', 32, 'Register', '0xff1eb3e2051bd3ac0c6c716287d75979a13bd512', '0x7c8e0eaa30977b55388a5299cc79e7fdcc637bf1', 1, 0, '1588290242'),
('0x0dfc084f3094c750421f778466881e4789e32478c972f4affae054a0bfc975ff', 33, 'UpLevel', '0xff1eb3e2051bd3ac0c6c716287d75979a13bd512', '', 1, 0, '1588290242'),
('0x0dfc084f3094c750421f778466881e4789e32478c972f4affae054a0bfc975ff', 34, 'UpLevel', '0x7c8e0eaa30977b55388a5299cc79e7fdcc637bf1', '', 2, 0, '1588290243'),
('0x0dfc084f3094c750421f778466881e4789e32478c972f4affae054a0bfc975ff', 35, 'UpLevel', '0x62a09dbb872329740f8f05430faacc9699a669dc', '', 3, 0, '1588290243'),
('0x0dfc084f3094c750421f778466881e4789e32478c972f4affae054a0bfc975ff', 36, 'Profit', '0xba5885eb4b9575fc84d44884e08df7d984bf90e8', '0xff1eb3e2051bd3ac0c6c716287d75979a13bd512', 0, 0.9, '1588290243'),
('0x0e2548dc3b5e1a41e5287430091a622009675ea72885d83cbbdd7f5da4b01669', 0, 'Register', '0x3f83e66bdad59774d35b12cbc458eca6d029d08f', '0x2925920ee94d71661983bba481a7218c0440cede', 1, 0, '1588693081'),
('0x0e2548dc3b5e1a41e5287430091a622009675ea72885d83cbbdd7f5da4b01669', 1, 'UpLevel', '0x3f83e66bdad59774d35b12cbc458eca6d029d08f', '', 1, 0, '1588693082'),
('0x0e25c309ef11fc8f65d4a03d15141df2c5c51d60e76a5bef188fb9bc51a0caee', 11, 'Register', '0x1775a98652cf3fb50124c042605c5f7168116f13', '0xc47e01c0f85215c369247e4666b61babff7aa257', 1, 0, '1588198202'),
('0x0e25c309ef11fc8f65d4a03d15141df2c5c51d60e76a5bef188fb9bc51a0caee', 12, 'UpLevel', '0x1775a98652cf3fb50124c042605c5f7168116f13', '', 1, 0, '1588198202'),
('0x0e25c309ef11fc8f65d4a03d15141df2c5c51d60e76a5bef188fb9bc51a0caee', 13, 'UpLevel', '0xc47e01c0f85215c369247e4666b61babff7aa257', '', 2, 0, '1588198202'),
('0x0e37f3a3f316a575a3e6feb48487fd7b08fd727873c0955cc9d1bd7483bf57a5', 9, 'Register', '0x46e620e9fe61bd74f28e904f033ff14e1cc0ec79', '0xc6ff05d98e38823b50c50b0e44cddccfbb0f7b67', 1, 0, '1589146502'),
('0x0e37f3a3f316a575a3e6feb48487fd7b08fd727873c0955cc9d1bd7483bf57a5', 10, 'UpLevel', '0x46e620e9fe61bd74f28e904f033ff14e1cc0ec79', '', 1, 0, '1589146502'),
('0x0e37f3a3f316a575a3e6feb48487fd7b08fd727873c0955cc9d1bd7483bf57a5', 11, 'UpLevel', '0xc6ff05d98e38823b50c50b0e44cddccfbb0f7b67', '', 2, 0, '1589146502'),
('0x0e3be29f6b1c54106210e1c7ba4d5c20eb992af68d02d1fb7e61e5341baa3499', 1, 'Register', '0x43cb02ad1154e00d12c777de3f7a2380989bac71', '0x3b5b7070580793c23378b0675c12f88bb1bcee2a', 1, 0, '1588851602'),
('0x0e3be29f6b1c54106210e1c7ba4d5c20eb992af68d02d1fb7e61e5341baa3499', 2, 'UpLevel', '0x43cb02ad1154e00d12c777de3f7a2380989bac71', '', 1, 0, '1588851603'),
('0x0e3be29f6b1c54106210e1c7ba4d5c20eb992af68d02d1fb7e61e5341baa3499', 3, 'UpLevel', '0x3b5b7070580793c23378b0675c12f88bb1bcee2a', '', 2, 0, '1588851603'),
('0x0e3be29f6b1c54106210e1c7ba4d5c20eb992af68d02d1fb7e61e5341baa3499', 4, 'UpLevel', '0xb1360b9d233982631fc0e79c79fc2e39a16eaee8', '', 3, 0, '1588851603'),
('0x0e3be29f6b1c54106210e1c7ba4d5c20eb992af68d02d1fb7e61e5341baa3499', 5, 'Profit', '0xbb8f21efe4c1a3e118237e1e5d863bc84d22bd65', '0x43cb02ad1154e00d12c777de3f7a2380989bac71', 0, 0.9, '1588851603'),
('0x0ea418ec1c0236085aebe3ffcc59aa8ef0ea241e7688fd092c638a643243f438', 81, 'Register', '0x0ba95e408a9bd6fcfa9c66dc751771ed032a40d1', '0x217409e22da1c7a2b5ca2c9b1d275467e2b30c75', 1, 0, '1588227482'),
('0x0ea418ec1c0236085aebe3ffcc59aa8ef0ea241e7688fd092c638a643243f438', 82, 'UpLevel', '0x0ba95e408a9bd6fcfa9c66dc751771ed032a40d1', '', 1, 0, '1588227482'),
('0x0eb3976e44df162080d99ab109df0c9cefa77811f9e0e96f0d03f135d670261a', 63, 'Register', '0x381f1a7d06fbe7f25b335050940a36f7ae82333d', '0x40d87d7c47ad7d0d85985934f8183426f3d0ad65', 1, 0, '1588370941'),
('0x0eb3976e44df162080d99ab109df0c9cefa77811f9e0e96f0d03f135d670261a', 64, 'UpLevel', '0x381f1a7d06fbe7f25b335050940a36f7ae82333d', '', 1, 0, '1588370942'),
('0x0eb6bd22d93fbd0c539516cb826d6712d2f309a08d110ddc64706a548f4bf880', 10, 'Register', '0xa2be18f9307a37743a08b4d6f46a19ba670a102e', '0xf34e1f0b47525130d22c92d2a76226870ca6a045', 1, 0, '1588272661'),
('0x0eb6bd22d93fbd0c539516cb826d6712d2f309a08d110ddc64706a548f4bf880', 11, 'UpLevel', '0xa2be18f9307a37743a08b4d6f46a19ba670a102e', '', 1, 0, '1588272662'),
('0x0eb6bd22d93fbd0c539516cb826d6712d2f309a08d110ddc64706a548f4bf880', 12, 'UpLevel', '0xf34e1f0b47525130d22c92d2a76226870ca6a045', '', 2, 0, '1588272662'),
('0x0ec5ce0c889bf8d2fdb2e8f8e50d7c01de993cf2a0748905ea32e609b73d7712', 64, 'Register', '0x791a9e81486b5956f6753bc72e08c622fcf4f668', '0x3965e17d5d185fd1924e9ae1be1f137fbc3a4341', 1, 0, '1588290482'),
('0x0ec5ce0c889bf8d2fdb2e8f8e50d7c01de993cf2a0748905ea32e609b73d7712', 65, 'UpLevel', '0x791a9e81486b5956f6753bc72e08c622fcf4f668', '', 1, 0, '1588290482'),
('0x0ec5ce0c889bf8d2fdb2e8f8e50d7c01de993cf2a0748905ea32e609b73d7712', 66, 'UpLevel', '0x3965e17d5d185fd1924e9ae1be1f137fbc3a4341', '', 2, 0, '1588290482'),
('0x0ee0c574d58ae6e02aa1e28f106f11cbbe5aad89db33080e3f8d3ee6b0c4b253', 34, 'Register', '0xe41cfde4b4231c0b4aaff4eb31a51e785c6ffaae', '0x0f9f81ab8910a9b8297bef75084d7945a6f876bb', 1, 0, '1588185124'),
('0x0ee0c574d58ae6e02aa1e28f106f11cbbe5aad89db33080e3f8d3ee6b0c4b253', 35, 'UpLevel', '0xe41cfde4b4231c0b4aaff4eb31a51e785c6ffaae', '', 1, 0, '1588185124'),
('0x0ee0c574d58ae6e02aa1e28f106f11cbbe5aad89db33080e3f8d3ee6b0c4b253', 36, 'UpLevel', '0x0f9f81ab8910a9b8297bef75084d7945a6f876bb', '', 2, 0, '1588185125'),
('0x0ee932f63ca60c2963ba6888239f35d2059b597cadba5244bfff367d18b6a03b', 9, 'Register', '0xe3a60e9b7551f8c925997780c100c8eeddd3c5ec', '0x2b0676a3433e03d2a7012ec8d4df9aa93d3caa9a', 1, 0, '1588860602'),
('0x0ee932f63ca60c2963ba6888239f35d2059b597cadba5244bfff367d18b6a03b', 10, 'UpLevel', '0xe3a60e9b7551f8c925997780c100c8eeddd3c5ec', '', 1, 0, '1588860602'),
('0x0ee932f63ca60c2963ba6888239f35d2059b597cadba5244bfff367d18b6a03b', 11, 'UpLevel', '0x2b0676a3433e03d2a7012ec8d4df9aa93d3caa9a', '', 2, 0, '1588860602'),
('0x0ee932f63ca60c2963ba6888239f35d2059b597cadba5244bfff367d18b6a03b', 12, 'UpLevel', '0xe08cc562e3079f84f3439714d676892b290eb333', '', 3, 0, '1588860603'),
('0x0ee932f63ca60c2963ba6888239f35d2059b597cadba5244bfff367d18b6a03b', 13, 'UpLevel', '0xbb8f21efe4c1a3e118237e1e5d863bc84d22bd65', '', 4, 0, '1588860603'),
('0x0ee932f63ca60c2963ba6888239f35d2059b597cadba5244bfff367d18b6a03b', 14, 'Profit', '0x0e83eafaf443b333020dd936661587b7eebb22ad', '0xe3a60e9b7551f8c925997780c100c8eeddd3c5ec', 0, 1.8, '1588860603'),
('0x0efb1bd17768bf80413aaa94a1c730e4eb8d1027dd5bd6a7127e8e970764d769', 26, 'Register', '0xd59221584bf7bcd31810bf2c155a0a0d4965da7c', '0xc6ea7c5dbf4b3cddf1e9a40e5588c5d00c573d74', 1, 0, '1588211762'),
('0x0efb1bd17768bf80413aaa94a1c730e4eb8d1027dd5bd6a7127e8e970764d769', 27, 'UpLevel', '0xd59221584bf7bcd31810bf2c155a0a0d4965da7c', '', 1, 0, '1588211762'),
('0x0f310d6b904c20e700d284946c8bf18dfcd387b56a47d8abed5f2d3c1908464a', 57, 'Register', '0x60d778554a4f6796eac78db6c8e685e3a27866de', '0x86c711e78a1003ab4819be87d71658485ba778c3', 1, 0, '1588198743'),
('0x0f310d6b904c20e700d284946c8bf18dfcd387b56a47d8abed5f2d3c1908464a', 58, 'UpLevel', '0x60d778554a4f6796eac78db6c8e685e3a27866de', '', 1, 0, '1588198743'),
('0x0f4aa9339cf088bdeae9cd9144a11159c3689b89604e80e9886064667050ae2c', 160, 'Register', '0x879cf5f2f7c283518619299b86f9b8689486cc61', '0x9e34d1e755c0eea3eb95e3728e64b0efaec590b7', 1, 0, '1588211105'),
('0x0f4aa9339cf088bdeae9cd9144a11159c3689b89604e80e9886064667050ae2c', 161, 'UpLevel', '0x879cf5f2f7c283518619299b86f9b8689486cc61', '', 1, 0, '1588211106'),
('0x0f4bea28d3b5b0c67266a06031332587937ea5c7511c0cf7a6dbf24b7d8f7a0d', 114, 'Register', '0x39f22a1438b0592d1d4a897a6368b9c497e22f46', '0xc1d8b3c004c9a65ab89fa78cb712f73e2a808933', 1, 0, '1588246742')